index,제품명,단맛,신맛,청량감,바디감,도수%,탄산,주종,keyword,용량,가격,제조사,원재료
0,1000억막걸리프리바이오,3,4,3,3,5,0,탁주, 단맛 신맛 청량감 바디감     탁주 쌀 밀  ,750ml,3500,(주)국순당,"쌀,밀,누룩,정제수"
1,1000억유산균막걸리,3,5,5,3,5,0,탁주, 단맛 신맛 청량감 바디감     탁주 쌀 밀  저도수,750ml,3200,(주)국순당,"쌀,밀,누룩,정제수"
2,1932새싹땅콩햅쌀막걸리,2,2,3,5,6,0,탁주,   청량감 바디감     탁주 쌀 땅콩  ,900ml,15000,(주)1932포천일동막걸리,"쌀,땅콩농축액,입국,효모,고과당,정제효소제,정제수"
3,1932새싹땅콩흑미막걸리,3,1,1,4,6,0,탁주, 단맛   바디감     탁주 쌀 땅콩  ,900ml,15000,(주)1932포천일동막걸리,"쌀,흑미,땅콩농축액,입국,효모,고과당,정제효소제,정제수"
4,33JU,3,,,1,18,0,증류주,향기 단맛        증류주 꿀 삼  ,200ml,23000,농업회사법인33가주식회사,"산양산삼,주정,결정과당,효소처리스테비아,에리스리톨,호박산,꿀"
5,52C,3,,,2,17.5,0,증류주,향기 단맛        증류주 쌀  ,500ml,10000,농업회사법인(주)청산녹수,"정제수,주정,쌀증류식소주원액,오이"
6,DMZ240km,2,,,3,25,0,기타주류,    바디감     기타주류 꿀 버섯  ,450ml,10000,솔래원,"자연송이버섯,브랜디원액,블랙커런트,벌꿀"
7,g12골디락스,2,2,2,3,12,0,탁주,    바디감     탁주 쌀 찹쌀 밀  무감미료,500ml,12000,농업회사법인(주)청산녹수,"정제수,멥쌀,찹쌀,누룩,종국,효모,밀함유"
8,The찾을수록시리즈,4,2,3,2,16,0,과실주, 단맛  청량감      과실주 사과  ,360ml,9000,(주)한국애플리즈,"사과와인,정제수,정제주정외제품별농축액"
9,가덕순쌀막걸리,3,3,3,3,6,1,탁주, 단맛 신맛 청량감 바디감  담백  탄산 탁주 쌀  ,750ml,13500,농업회사법인명세주가(주),"국내산쌀,효모,조효소재,물엿,아스파탐,정제수"
10,가을빛레드와인,2,3,3,2,14,0,과실주,  신맛 청량감      과실주 포도  ,750ml,35000,예인화원,포도
11,가평잣생막걸리,2,2,3,3,6,0,탁주,   청량감 바디감     탁주 쌀  ,750ml,1450,가평우리술,"쌀,정제수,쌀입국,잣,효모,정제효소등"
12,감그린레귤러,3,3,3,2,12,0,과실주, 단맛 신맛 청량감      과실주  이색전통주,750ml,18000,청도감와인(주),감
13,감그린스페셜,3,3,3,3,12,0,과실주, 단맛 신맛 청량감 바디감     과실주  이색전통주,750ml,25000,청도감와인(주),감
14,감그린아이스와인,4,2,2,4,10,0,과실주, 단맛   바디감     과실주  이색전통주,375ml,89000,청도감와인(주),감
15,감보드카,,,,3,32,0,증류주,    바디감 목넘김    증류주  ,375ml,14000,양촌감영농조합법인,감
16,감사,2,2,,2,14,0,약주/청주,     목넘김 담백   약주/청주 쌀  선물,375ml,15000,술샘,"쌀,누룩,정제수"
17,감아락25,2,,,2,25,0,증류주,         증류주 쌀  가을,500ml,26000,(주)배상면주가,"감증류원액,쌀"
18,감악산머루주,4,4,3,3,12,0,과실주, 단맛 신맛 청량감 바디감     과실주 머루  ,360ml,28000,산머루농원영농조합법인,"국내산산머루원액,주정"
19,감이슬,,,,2,23,0,증류주,         증류주  과일류,375ml,10000,양촌감영농조합법인,감
20,감자술13,3,2,3,2,13,0,약주/청주, 단맛  청량감      약주/청주 감자  선물,700ml,14000,오대서주양조,"백미,감자,누룩,효모,정제수"
21,감홍로백자,3,,,4,40,0,증류주,향기 단맛   바디감     증류주 쌀 약재  ,700ml,75000,농업회사법인(주)감홍로,"쌀,조,가지약재"
22,감홍로청자,3,,,4,40,0,증류주,향기 단맛   바디감     증류주 쌀 약재  ,700ml,90000,농업회사법인(주)감홍로,"쌀,조,가지약재"
23,강소주,,,,3,50,0,증류주,향기    바디감     증류주 쌀  소용량,"1,800ml",11000,내국양조,"국내산쌀,정제수"
24,강쇠,2,2,1,4,13,0,약주/청주,    바디감     약주/청주 쌀 오가피  ,370ml,2500,농업회사법인(유)술소리,"쌀,누룩,오가피"
25,걍즐겨,3,4,3,3,8,0,탁주, 단맛 신맛 청량감 바디감     탁주 쌀 찹쌀  이색전통주,600ml,6000,디오케이브루어리,"찹쌀,멥살,누룩,석류,히비스커스,정제수"
26,겨울소주25,,,,4,25,0,증류주,향기    바디감 목넘김    증류주  겨울,360ml,10000,두이술공방,"증류원액,효모,효소,정제수"
27,경기전,2,3,4,2,5,0,기타주류,  신맛 청량감      기타주류 보리  탄산,1000ml,27000,농업회사법인동문거리양조장(주)(전주술로시티),"보리,맥아,호프펠렛,효모,정제효소제,정제수"
28,계룡백일주12년,3,,,4,40,0,기타주류,향기 단맛   바디감     기타주류 쌀 찹쌀 오미자 꽃 솔잎  ,600ml,150000,계룡백일주,"찹쌀,백미,누룩,재리종국화꽃,오미자,진달래,재래종솔잎"
29,계룡백일주16,1,1,1,1,16,0,약주/청주,         약주/청주 쌀 찹쌀 오미자 꽃 솔잎  ,700ml,18500,계룡백일주,"찹쌀,백미,누룩,재리종국화꽃,오미자,진달래,재래종솔잎"
30,계룡백일주30,2,,,3,30,0,기타주류,    바디감     기타주류 쌀 찹쌀 오미자 꽃 솔잎  ,400ml,20000,계룡백일주,"찹쌀,백미,누룩,재리종국화꽃,오미자,진달래,재래종솔잎"
31,계룡백일주40,3,,,3,40,0,기타주류,향기 단맛   바디감     기타주류 쌀 찹쌀 오미자 꽃 솔잎  ,600ml,40000,계룡백일주,"찹쌀,백미,누룩,재리종국화꽃,오미자,진달래,재래종솔잎"
32,계룡산산삼주금수강산21,,,,2,21,0,증류주,         증류주 삼  삼(蔘)류,740ml,110000,농업회사법인한국산삼(주),"산양산삼,정제주,주정"
33,계룡산산삼주금수강산40,,,,3,40,0,증류주,향기    바디감 목넘김    증류주 삼  삼(蔘)류,740ml,150000,농업회사법인한국산삼(주),"산양산삼,정제주,주정"
34,고구마아락,2,,,3,40,0,증류주,향기    바디감     증류주 보리 고구마  ,500ml,25000,농업회사법인배상면주가고창LB,"보리,고구마,정제수"
35,고도리레드와인스위트,3,3,2,3,12,0,과실주, 단맛 신맛  바디감     과실주 포도 머루  ,750ml,22000,고도리와이너리,MBA머루포도
36,고도리복숭아와인,4,3,3,2,6.5,0,과실주, 단맛 신맛 청량감    탄닌감  과실주 복숭아  이색전통주,750ml,32000,고도리와이너리,복숭아
37,고도리화이트와인드라이,2,3,3,2,10.5,0,과실주,  신맛 청량감      과실주 포도  저도수,750ml,22000,고도리와이너리,거봉포도
38,고도리화이트와인스위트,4,3,3,2,10.5,0,과실주, 단맛 신맛 청량감      과실주 포도  저도수,750ml,22000,고도리와이너리,거봉포도
39,고소리술,2,0,3,3,40,0,증류주,   청량감 바디감     증류주 쌀  선물,375ml,25000,제주샘영농조합법인,"쌀,차조,입국,누룩,효모,효소,정제수,스테비올배당체"
40,고운달백자,,,,5,52,0,증류주,향기    바디감 목넘김    증류주 오미자  선물,200ml,"180,000",농업회사법인(주)제이엘,오미자
41,고운달오크,,,,5,52,0,증류주,향기    바디감 목넘김    증류주 오미자  선물,200ml,"180,000",농업회사법인(주)제이엘,오미자
42,고창선운산땡큐복분자주,3,1,3,2,13,0,과실주, 단맛  청량감      과실주 복분자  소용량,300ml,2500,농업회사법인고창선운산(유),"복분자과실,주정,효모,구연산,정제수"
43,고창선운산땡큐블루베리주,2,2,2,2,13,0,과실주,         과실주 베리  소용량,300ml,2000,농업회사법인고창선운산(유),"블루베리과실,주정,효모,구연산,정제수"
44,고창선운산복분자주특1호,3,1,3,2,15,0,과실주, 단맛  청량감      과실주 복분자  ,"1,800ml",27000,농업회사법인고창선운산(유),"복분자과실,주정,효모,구연산,정제수"
45,공주애오디와인,3,2,3,1,15,0,과실주, 단맛  청량감      과실주 오디  ,375ml,6000,농업회사법인사곡양조원,"국내산오디,정제수,주정,과당,효모"
46,구기홍주14,3,1,2,3,14,0,약주/청주, 단맛   바디감  담백   약주/청주 쌀 구기자  선물,360ml,10000,두이술공방,"쌀,국,구기자추출액,올리고당,효모,효소,아세설팜칼륨,정제수"
47,구름을벗삼아,3,3,3,3,6,1,탁주, 단맛 신맛 청량감 바디감    탄산 탁주 쌀 찹쌀  무감미료,750ml,1500,문경주조,"정제수,찹쌀·백미,입국등"
48,귀감,,,,3,25,0,증류주,향기    바디감     증류주 귤  과일류,350ml,25000,농업회사법인(주)시트러스,"감귤과즙,백설탕,액상효모,스테비올배당체,무수아황산"
49,그랑꼬또레드와인,3,3,3,2,12,0,과실주, 단맛 신맛 청량감      과실주 포도  ,750ml,35000,그린영농조합법인,포도
50,그랑꼬또M56,2,3,1,3,12,0,과실주,  신맛  바디감     과실주 포도  홈술,750ml,21000,그린영농조합법인,포도
51,그랑꼬또M5610,4,3,3,2,10,0,과실주, 단맛 신맛 청량감      과실주 포도  ,750ml,56000,그린영농조합법인,포도
52,그랑꼬또로제와인,2,3,1,3,12,0,과실주,  신맛  바디감     과실주 포도  홈술,750ml,21000,그린영농조합법인,포도
53,그랑꼬또청수,2,1,3,4,12,0,과실주,   청량감 바디감     과실주 포도  파티,750ml,60000,그린영농조합법인,포도
54,그랑꼬또화이트와인,3,3,3,2,12,0,과실주, 단맛 신맛 청량감      과실주 포도  ,750ml,40000,그린영농조합법인,포도
55,그랑티그르CE2002,3,2,2,3,12,0,과실주, 단맛   바디감     과실주 포도  ,750ml,40000,월류원(오드린),포도
56,그랑티그르M1988,3,3,2,3,12,0,과실주, 단맛 신맛  바디감     과실주 포도 오미자  ,750ml,40000,월류원(오드린),"포도,오미자"
57,그랑티그르S1974,1,3,2,4,12,0,과실주,  신맛  바디감     과실주 포도  ,750ml,40000,월류원,포도
58,금산인삼주,1,4,2,4,12.5,0,약주/청주,  신맛  바디감     약주/청주 쌀 삼  ,375ml,4000,농업회사법인(주)금산인삼주,"쌀,인삼,누룩,정제수등"
59,금산인삼주수삼단본23,1,,,3,23,0,증류주,향기    바디감     증류주 쌀 삼  ,720ml,32000,농업회사법인(주)금산인삼주,"쌀,인삼,누룩,정제수등"
60,금산인삼주수삼단본43,1,,,4,43,0,증류주,향기    바디감     증류주 쌀 삼  삼(蔘)류,720ml,42000,농업회사법인(주)금산인삼주,"쌀,인삼,누룩,정제수등"
61,금이산농원복숭아와인,3,2,2,3,12,0,과실주, 단맛   바디감   탄닌감  과실주 복숭아  ,500ml,20000,영농조합법인금이산농원,"복숭아,백설탕,효모,메타중아황산칼륨"
62,금이산농원사과와인,3,2,2,3,12,0,과실주, 단맛   바디감     과실주 사과  ,500ml,20000,영농조합법인금이산농원,"사과,백설탕,효모,메타중아황산칼륨"
63,금이산농원오가피와인,3,2,2,3,12,0,과실주, 단맛   바디감     과실주 오가피  이색전통주,500ml,20000,영농조합법인금이산농원,"오가피열매,백설탕,효모,메타중아황산칼륨"
64,금정산성막걸리,1,3,2,3,8,0,탁주,  신맛  바디감     탁주 밀  홈술,750ml,1900,(유)금정산성토산주,"백미,밀누룩,정제수,아스파탐"
65,기다림16,2,4,2,3,9,0,탁주,  신맛  바디감     탁주 쌀 찹쌀  무감미료,750ml,11000,농업회사법인(주)제이케이크래프트,"찹쌀,흑미,곡자,정제수"
66,기다림25,2,4,2,2,8,0,탁주,  신맛       탁주 쌀 찹쌀  무감미료,750ml,9900,농업회사법인(주)제이케이크래프트,"백미,찹쌀,곡자,정제수"
67,기다림34,3,3,3,3,12,0,탁주, 단맛 신맛 청량감 바디감     탁주 쌀 찹쌀  무감미료,500ml,15000,농업회사법인(주)제이케이크래프트,"멥쌀,찹쌀,곡자,정제수"
68,기다림맑은술,4,3,3,3,15,0,약주/청주, 단맛 신맛 청량감 바디감     약주/청주 쌀 찹쌀  홈술,500ml,25000,농업회사법인(주)제이케이크래프트,"멥쌀,찹쌀,곡자,정제수"
69,김천과하주16,1,2,1,2,16,0,약주/청주,         약주/청주 쌀 찹쌀  ,700ml,20000,김천과하주,"찹쌀,누룩,샘물,황국잎"
70,김천과하주23,1,,,2,23,0,기타주류,         기타주류 쌀  고문헌,700ml,22000,김천과하주,"멥쌀,누룩,샘물,황국잎"
71,김포막걸리,2,2,3,1,6,0,탁주,   청량감      탁주 쌀  ,750ml,1200,김포양조,"쌀,누룩,정제수"
72,김포별주,3,1,1,3,13,0,약주/청주, 단맛   바디감     약주/청주 쌀  ,500ml,4000,김포양조,"쌀,옥수수전분,국,효모,젖산,효소제,정제수"
73,김포약주,1,2,1,2,11,0,약주/청주,         약주/청주 밀  저도수,750ml,10000,김포양조,"옥수수전분,밀,국,효모,젖산,효소제,정제수"
74,김포예주,2,1,1,4,13,0,약주/청주,    바디감     약주/청주 쌀  ,750ml,15000,김포양조,"국내산쌀,국,효모,젖산,정제수"
75,김포특주,4,4,2,2,15,0,약주/청주, 단맛 신맛    담백   약주/청주 쌀  ,375ml,3000,김포금쌀탁주영농조합법인,"국내산쌀,효모,정제효소,정제수,프락토올리고당"
76,까메오막걸리,3,1,2,4,6,0,탁주, 단맛   바디감     탁주 쌀  혼술,550ml,5000,낙천,"정제수,쌀,효모,누룩,과당등"
77,나루생막걸리11.5,4,1,1,5,11.5,0,탁주, 단맛   바디감     탁주 쌀  파티,500ml,11000,한강주조,"쌀,국,효모,정제수"
78,나루생막걸리6,3,3,2,2,6,0,탁주, 단맛 신맛       탁주 쌀  파티,935ml,7000,한강주조,"쌀,국,효모,정제수"
79,남산애레드와인,3,3,3,2,14,0,과실주, 단맛 신맛 청량감      과실주 포도  ,750ml,45000,예인화원,포도
80,남산애포트와인,3,3,2,3,18.5,0,과실주, 단맛 신맛  바디감     과실주 포도  ,750ml,55000,예인화원,포도
81,내장산복분자주,1,3,,2,16,0,과실주,  신맛   목넘김    과실주 복분자  ,360ml,6000,내장산복분자영농조합,"복분자,주정,정제수,설탕등"
82,녹고의눈물,2,,,3,16,0,기타주류,    바디감     기타주류 오가피  ,500ml,23000,농업회사법인(주)토향,섬오가피
83,녹천소곡화주,2,,,3,41,0,기타주류,향기    바디감     기타주류 쌀 찹쌀  ,500ml,22000,녹천주조장,"찹쌀,누룩,백미,정제수"
84,녹천한산소곡주살균,4,1,1,2,16,0,약주/청주, 단맛        약주/청주 쌀 찹쌀  ,750ml,12000,녹천주조장,"찹쌀,누룩,백미,정제수"
85,녹천한산소곡주생,4,1,1,2,16,0,약주/청주, 단맛        약주/청주 쌀 찹쌀  ,750ml,12000,녹천주조장,"찹쌀,누룩,백미,정제수"
86,녹파주,3,2,2,3,15,0,약주/청주, 단맛   바디감  담백   약주/청주 쌀 찹쌀  선물,375ml,35000,농업회사법인(주)솔송주,"국내산찹쌀,멥쌀,누룩,정제수"
87,뉴트로,4,4,4,3,8,0,탁주, 단맛 신맛 청량감 바디감     탁주 쌀 찹쌀  ,600ml,6000,디오케이브루어리,"찹쌀,멥살,누룩,레몬,라임,잉글리쉬블랙퍼스트,정제수"
88,느린마을막걸리,3,1,3,2,6,0,탁주, 단맛  청량감      탁주 쌀  무감미료,750ml,2300,배상면주가,"쌀,국,효모,정제수"
89,능이주,1,3,1,2,13,0,약주/청주,  신맛    담백   약주/청주 쌀  홈술,375ml,12000,내국양조,"국내산쌀,능이농충액,누룩,정제수"
90,니모메,2,1,1,2,11,0,약주/청주,      담백   약주/청주 쌀 귤  파티,375ml,12000,제주샘영농조합법인,"쌀,감귤진피,정제수"
91,다래와인3004,2,2,1,2,8,0,과실주,         과실주 다래  저도수,375ml,10000,영농조합법인오름주가,참다래
92,다래와인7004D,1,4,2,2,12,0,과실주,  신맛       과실주 다래  ,750ml,28000,영농조합법인오름주가,참다래
93,다래와인7004S,2,2,1,4,8,0,과실주,    바디감     과실주 다래  저도수,750ml,18000,영농조합법인오름주가,참다래
94,다랭이팜생막걸리,1,4,4,4,6,0,탁주,  신맛 청량감 바디감     탁주 쌀  무감미료,750ml,4000,다랭이팜,"쌀,분도유기농현미,누룩,효모등"
95,다랭이팜생막걸리흑미,1,5,2,2,6,0,탁주,  신맛       탁주  ,750ml,4000,다랭이팜,"남해산유기농현미,누룩,효모등"
96,다랭이팜유자막걸리,1,5,2,4,6,0,탁주,  신맛  바디감     탁주  ,750ml,4000,다랭이팜,"남해산유기농유자원액,누룩,효모등"
97,담솔,3,0,3,3,40,0,기타주류, 단맛  청량감 바디감     기타주류 쌀  ,500ml,22000,명가원영농조합법인,"정제수,국내산쌀,국내산송순농축액,누룩,조제종국,효모"
98,담양죽력고,,,,3,25,0,증류주,향기    바디감 목넘김    증류주 쌀 생강 계피  고문헌,350ml,13000,추성고을,"정제수,쌀,누룩,죽력,계피,석창포,생강,효모"
99,담은,3,1,1,4,6,0,탁주, 단맛   바디감     탁주 쌀  선물,750ml,15000,(주)1932포천일동막걸리,"쌀,입국,효모,고과당,정제효소제,정제수"
100,당당하리,4,2,2,2,15,0,과실주, 단맛        과실주 쌀 복분자 사과 밀 감초  베리류,375ml,15333,농업회사법인(주)세찬제조사,"쌀,홍마늘,감초,개량누룩,효모,정제효소제,정제수,복분자,설탕,올리고당,DL-사과산,구연산,무수아황산,이산화항,밀함유"
101,대관령복분자주,1,2,1,4,16,0,과실주,    바디감     과실주 복분자  ,400ml,13000,농업회사법인(주)홍지원,국내산복분자
102,대대포생막걸리,2,1,3,2,6,0,탁주,   청량감      탁주 꿀  선물,750ml,3500,농업회사법인(주)죽향도가,"백미,벌꿀,정제수"
103,대윤가야곡왕주,2,2,1,3,13,0,약주/청주,    바디감     약주/청주 쌀  홈술,300ml,4000,농업회사법인대윤가야곡주조(주),"쌀,누룩,효모,물엿,정제수"
104,대잎생동동주,1,2,3,2,6,0,탁주,   청량감      탁주 쌀  ,1700ml,2500,농업회사법인(주)죽향도가,"쌀,좁쌀,정제효소,젖산,효모,아스파탐,영지,생각,정제수"
105,대작생막걸리,4,3,3,3,6,0,탁주, 단맛 신맛 청량감 바디감     탁주 쌀  ,750ml,2000,대작영농조합법인,"쌀,조제종국효모,정제효소,올리고당,스테비텐후레쉬,정제수"
106,대통대잎술,1,1,,2,15,0,약주/청주,     목넘김    약주/청주 쌀 구기자 솔잎  파티,700ml,16000,추성고을,"쌀,누룩,갈근,구기자,솔잎,진피등"
107,도구막걸리,2,2,3,3,6,0,탁주,   청량감 바디감     탁주 쌀 밀  ,750ml,1666,동해명주,"밀,쌀,물엿,효모,조제종국,정제효소제,아스파탐,젖산"
108,도깨비술11,4,4,3,5,11,0,탁주, 단맛 신맛 청량감 바디감     탁주 쌀  파티,750ml,12000,농업회사법인(주)도깨비양조장,"멥쌀,누룩,효모,정제수"
109,도깨비술7,3,3,4,3,7,0,탁주, 단맛 신맛 청량감 바디감     탁주 쌀  파티,750ml,8000,농업회사법인(주)도깨비양조장,"멥쌀,누룩,효모,정제수"
110,도깨비술9,3,3,3,4,9,0,탁주, 단맛 신맛 청량감 바디감     탁주 쌀  파티,750ml,10000,농업회사법인(주)도깨비양조장,"멥쌀,누룩,효모,정제수"
111,도로시머루주,4,4,3,3,12,0,과실주, 단맛 신맛 청량감 바디감     과실주 머루  선물,500ml,25000,산머루농원영농조합법인,"국내산산머루원액,주정"
112,도문대작생막걸리,1,3,3,2,10,0,탁주,  신맛 청량감      탁주 쌀  ,750ml,3000,방풍도가,"강릉쌀,누룩,갯방풍나물,정제수"
113,독산53,,,,3,53,0,증류주,    바디감 목넘김    증류주 쌀  소용량,250ml,25000,농업회사법인오산양조(주),"쌀,국,효모,정제수"
114,동강더덕주,3,,,2,20,0,기타주류,향기 단맛        기타주류 구기자 감초  ,360ml,3500,영월더덕영농조합법인,"더덕,대추구기자,감초,원지"
115,동몽,2,3,1,3,17,0,약주/청주,  신맛  바디감  담백   약주/청주 쌀  명절,500ml,30000,예술,"홍천쌀,정제수,단호박,국"
116,동정춘,4,3,2,3,8,0,탁주, 단맛 신맛  바디감     탁주 쌀  고문헌,500ml,18000,농업회사법인(주)산수,"쌀,누국,정제수"
117,동정춘막걸리산정호수,5,1,4,4,6,0,탁주, 단맛  청량감 바디감     탁주 쌀  선물,720ml,20000,(주)농업회사법인술빚는전가네,"국내산쌀,누룩,정제수"
118,동학1957,3,3,2,3,13,0,약주/청주, 단맛 신맛  바디감  담백   약주/청주 쌀  선물,375ml,3500,고헌정영농조합법인,"쌀,구연산,효모,젖산,정제효소제,국,주정,정제수"
119,동해동동주,2,1,3,2,6,0,탁주,   청량감      탁주 쌀  무감미료,750ml,1666,동해명주,"쌀,물엿,효모,조제종국,정제효소제,아스파탐,젖산"
120,두레앙22,,,,4,22,0,증류주,    바디감     증류주 포도  과일류,375ml,5000,농업회사법인(주)두레양조,거봉포도원액
121,두레앙브랜디,3,,,3,35,0,증류주,향기 단맛   바디감     증류주 포도  ,750ml,70000,농업회사법인(주)두레양조,거봉포도원액
122,두레앙와인,2,2,1,4,12,0,과실주,    바디감     과실주 포도  가성비,750ml,15000,농업회사법인(주)두레양조,거봉포도원액
123,두레앙증류주,2,,,2,35,0,증류주,         증류주 포도  과일류,750ml,35000,농업회사법인(주)두레양조,거봉포도원액
124,두리향,,,,4,43,0,증류주,향기    바디감 목넘김    증류주 쌀 찹쌀  고문헌,500ml,36000,케이소주(전주가양주연구소),"국내산찹쌀,누룩,정제수"
125,두유노,2,3,3,3,6,0,탁주,  신맛 청량감 바디감     탁주 쌀 찹쌀 밀  ,600ml,6000,디오케이브루어리,"찹쌀,멥살,누룩,밀가루"
126,라이스퐁당13,3,2,1,3,13,0,약주/청주, 단맛   바디감     약주/청주 쌀 찹쌀  홈술,500ml,15000,농업회사법인(주)벗드림,"찹쌀,누룩,정제수"
127,라이스퐁당17,3,3,1,4,17,0,약주/청주, 단맛 신맛  바디감     약주/청주 쌀 찹쌀  ,500ml,18000,농업회사법인(주)벗드림,"찹쌀,누룩,정제수"
128,레돔내추럴스파클링로제와인,3,3,4,2,7.5,0,과실주, 단맛 신맛 청량감      과실주 포도  파티,750ml,38000,농업회사법인작은알자스,포도
129,레돔시드르,3,3,4,2,6,0,과실주, 단맛 신맛 청량감      과실주 사과  파티,750ml,32000,농업회사법인작은알자스,사과
130,려25,1,,,1,25,0,증류주,향기         증류주 쌀 고구마  선물,375ml,30000,(농)국순당여주명주(주),"고구마,쌀"
131,려고구마증류소주25,1,,,3,25,0,증류주,    바디감     증류주 고구마  ,500ml,35000,(농)국순당여주명주(주),고구마
132,려고구마증류소주40,2,,,3,40,0,증류주,    바디감     증류주 고구마  ,500ml,35000,(농)국순당여주명주(주),고구마
133,로얄안동소주18년,3,,,4,45,0,증류주, 단맛   바디감     증류주 쌀  ,600ml,72000,농업회사법인유토피아(주),"국내산쌀,입국"
134,르깔롱,,,,4,16,0,기타주류,향기    바디감 목넘김    기타주류  과일류,500ml,35000,추성고을,"정제수,주정,고과당,죽력,메론후레바,레이지라임,코코넛향,윌튼스카이아이싱칼라"
135,마셔블랑,3,3,3,2,12,0,증류주, 단맛 신맛 청량감      증류주 귤  ,750ml,20000,농업회사법인(주)시트러스,"감귤과즙,백설탕,액상효모,무수아황산"
136,마주소곡주,4,3,2,4,16,0,약주/청주, 단맛 신맛  바디감  담백   약주/청주 쌀 찹쌀 밀  선물,500ml,17000,옥순가소곡주마주,"찹쌀,백미,모싯잎,우리밀누룩,정제수,효모"
137,마주소곡화주,,,,4,41,0,증류주,향기    바디감 목넘김    증류주 쌀 찹쌀 밀  선물,500ml,25000,옥순가소곡주마주,"찹쌀,백미,모싯잎,우리밀누룩,정제수,홍고추"
138,막시모40,,,,3,40,0,증류주,향기    바디감 목넘김    증류주 오미자  베리류,500ml,49000,농업회사법인(주)착한농부,"오미자증류원액,오미자원액,정제수"
139,만강에비친달,2,3,3,3,10,0,탁주,  신맛 청량감 바디감  담백   탁주 쌀  선물,500ml,12000,예술,"홍천쌀,정제수,단호박,곡자"
140,맑은내일Winery단감명작,3,2,3,2,7,0,과실주, 단맛  청량감    탄닌감  과실주  과일류,750ml,20000,농업회사법인우포의아침주식회사,"단감,정제수,설탕,효소제,무수구연산,효모,무수아황산,소브산"
141,맑은내일발효막걸리,3,3,3,4,7,0,탁주, 단맛 신맛 청량감 바디감     탁주 쌀  탄산,750ml,"2,200",농업회사법인우포의아침(주),"쌀,누룩,효소,아스파탐,정제수"
142,맑은내일우포,3,2,2,2,12,0,약주/청주, 단맛     담백   약주/청주 쌀  홈술,325ml,"5,000",농업회사법인우포의아침(주),"쌀,옥수수전분,효모,누룩,양파,정제수"
143,맑은문희주,3,1,1,4,13,0,약주/청주, 단맛   바디감     약주/청주 쌀 찹쌀  파티,750ml,36000,문경주조,"유기농찹쌀,멥쌀,전통누룩,정제수"
144,맑은술해밀,3,2,2,2,15,0,약주/청주, 단맛        약주/청주 쌀  ,500ml,25000,내변산양조장,"쌀,누룩,정제수"
145,매실막걸리,3,2,1,5,7,0,탁주, 단맛   바디감     탁주 쌀  ,750ml,3500,농업회사법인(주)백운주가,"쌀,매실과즙"
146,매실원주15,3,,,3,15,0,기타주류, 단맛   바디감     기타주류 꿀  ,300ml,6000,더한주류,"매실주원액,발효주정,정제수,꿀"
147,매실향기담은술,3,3,3,3,14,0,약주/청주, 단맛 신맛 청량감 바디감  담백   약주/청주 쌀  ,500ml,6000,농업회사법인명세주가(주),"국내산쌀,효모,조효소재,물엿,아스파탐,정제수"
148,머루이야기,3,1,1,4,12,0,과실주, 단맛   바디감     과실주 머루  소용량,375ml,6000,농업회사법인산들벗(주),국내산산머루
149,머르드서드라이,2,4,3,4,13.5,0,과실주,  신맛 청량감 바디감     과실주 머루  ,750ml,35000,산머루농원영농조합법인,국내산산머루
150,머르드서스위트,4,3,3,4,12,0,과실주, 단맛 신맛 청량감 바디감     과실주 머루  ,750ml,30000,산머루농원영농조합법인,국내산산머루
151,메로니아,4,1,5,4,4,0,기타주류, 단맛  청량감 바디감     기타주류 쌀  과일류,750ml,2000,배혜정도가,"쌀,국,효모,젖산,멜론향,물엿등"
152,메밀로,,,,4,45,0,증류주,향기    바디감 목넘김    증류주 쌀 밀  선물,500ml,150000,농업회사법인두루(주),"국내산쌀,메밀,누룩,정제수"
153,면천두견주,3,1,1,3,18,0,약주/청주, 단맛   바디감     약주/청주 쌀 찹쌀 꽃  선물,360ml,"30,000",(주)면천두견주,"국내산찹쌀,누룩,진달래꽃"
154,명가원복분자술,3,1,,3,16,0,과실주, 단맛   바디감     과실주 복분자  ,750ml,20000,명가원영농조합법인,"복분자,주정,정제수,구연산,호박산,정제식염,액상과당,효모,설탕"
155,명술,2,,,3,20,0,기타주류,    바디감     기타주류 삼  ,375ml,30000,대농바이오우리산삼,"산양산삼,정제주,주정"
156,명인안동소주22,1,,,2,22,0,증류주,         증류주 쌀  ,360ml,4500,명인안동소주,"쌀,누룩,정제수"
157,명인안동소주양반탈,1,,,3,45,0,증류주,    바디감     증류주 쌀  선물,800ml,35000,명인안동소주,"쌀,누룩,정제수"
158,명인안동소주호리병,1,,,3,45,0,증류주,    바디감     증류주 쌀  선물,800ml,30000,명인안동소주,"쌀,누룩,정제수"
159,명인홍삼주,1,3,2,4,12.5,0,약주/청주,  신맛  바디감     약주/청주 쌀 삼  선물,375ml,4000,농업회사법인(주)금산인삼주,"쌀,홍삼,누룩,정제수등"
160,명작복분자,3,1,1,5,13,0,과실주, 단맛   바디감     과실주 복분자  ,375ml,6500,(농)국순당고창명주(주),"복분자,효모,주정,정제수,과당,구연산"
161,명품진도홍주,3,,,3,38,0,증류주,향기 단맛   바디감     증류주 쌀 보리  ,375ml,20000,대대로영농조합법인,"쌀,보리,누룩,지초,정제수"
162,모월로,,,,2,25,0,증류주,향기         증류주 쌀  ,500ml,25000,협동조합주담,"쌀,누룩,정제수"
163,모월연,1,3,1,2,13,0,약주/청주,  신맛       약주/청주 쌀  선물,500ml,18000,협동조합주담,"쌀,누룩,정제수"
164,모월인,,,,3,41,0,증류주,향기    바디감 목넘김    증류주 쌀  파티,500ml,40000,협동조합주담,"쌀,누룩,정제수"
165,모월청,1,3,2,3,16,0,약주/청주,  신맛  바디감     약주/청주 쌀  ,500ml,21000,협동조합주담,"쌀,누룩,정제수"
166,모을동주소주,,,,4,43,0,증류주,향기    바디감 목넘김    증류주 쌀  ,350ml,15000,대작영농조합법인,"쌀,조제종국효모,정제효소,정제수"
167,모을동주약주,4,3,3,4,13,0,약주/청주, 단맛 신맛 청량감 바디감     약주/청주 쌀  ,375ml,13000,대작영농조합법인,"쌀,조제종국효모,정제효소,정제수"
168,무주구천동머루와인,2,2,1,3,12,0,과실주,    바디감     과실주 머루  ,750ml,25000,덕유양조,국내산산머루
169,무주구천동산머루주,2,2,1,3,16,0,과실주,    바디감     과실주 머루  가성비,750ml,15000,덕유양조,국내산산머루
170,문경바람백자25,,,,3,25,0,증류주,향기    바디감 목넘김    증류주 사과  과일류,375ml,16000,농업회사법인(주)제이엘,사과
171,문경바람백자40,,,,4,40,0,증류주,향기    바디감 목넘김    증류주 사과  과일류,375ml,"24,000",농업회사법인(주)제이엘,사과
172,문경바람오크,,,,4,40,0,증류주,향기    바디감 목넘김    증류주 사과  과일류,375ml,28000,농업회사법인(주)제이엘,사과
173,문경주조오미자생막걸리,2,3,2,4,6.5,1,탁주,  신맛  바디감  담백  탄산 탁주 오미자  ,750ml,2500,문경주조,"정제수,백미,입국,올리고당,물엿,허브,오미자,정제효소,아스파탐·아세셀펌칼륨"
174,문배술헤리티지23,1,,,1,23,0,증류주,         증류주 쌀  ,375ml,5555,문배주양조원,"메조,찰수수,쌀"
175,문배술헤리티지25,1,,,1,25,0,증류주,         증류주 쌀  선물,375ml,6111,문배주양조원,"메조,찰수수,쌀"
176,문배술헤리티지40,2,,,3,40,0,증류주,    바디감     증류주 쌀  선물,200ml,12000,문배주양조원,"메조,찰수수,쌀"
177,문희문경오미자수제전통주,3,1,3,3,12,0,탁주, 단맛  청량감 바디감     탁주 쌀 찹쌀 오미자  ,500ml,15000,문경주조(전통술체험관),"햇찹쌀,전통누룩,오미자"
178,문희햇찹쌀수제전통주,3,1,2,3,13,0,탁주, 단맛   바디감     탁주 쌀 찹쌀  ,500ml,15000,문경주조,"유기농찹쌀,멥쌀,전통누룩,정제수"
179,미르25,2,0,1,3,25,0,증류주,    바디감     증류주 쌀  파티,375ml,18000,술샘,"쌀,누룩,정제수"
180,미르40,1,0,0,2,40,0,증류주,         증류주 쌀  ,375ml,23000,술샘,"쌀,누룩,정제수"
181,미생막걸리,2,3,3,3,6,0,탁주,  신맛 청량감 바디감     탁주 쌀  탄산,750ml,1100,김포금쌀탁주영농조합법인,"국내산쌀,누룩,효모,정제효소,정제수"
182,미소생막걸리,3,3,3,2,7,0,탁주, 단맛 신맛 청량감      탁주 쌀  ,750ml,1500,울진술도가,"쌀,누룩,정제수"
183,미소아이스,4,1,,3,12,0,과실주, 단맛   바디감     과실주 포도  ,375ml,40000,도란원,"포도,산화방지제,효모등"
184,미인약주,4,1,1,2,15,0,약주/청주, 단맛        약주/청주 쌀 찹쌀  선물,500ml,25000,최행숙전통주가,"찹쌀,누룩,정제수"
185,미인탁주,3,1,1,3,10,0,탁주, 단맛   바디감     탁주 쌀 찹쌀  무감미료,500ml,15000,최행숙전통주가,"찹쌀,누룩,정제수"
186,민속주안동소주,1,,,4,45,0,증류주,    바디감     증류주 쌀  ,400ml,28000,민속주안동소주,"쌀,누룩,정제수"
187,바랑탁,4,2,1,4,15,0,탁주, 단맛   바디감     탁주 쌀 찹쌀  소용량,375ml,18000,농업회사법인(주)금계당,"찹쌀,맵쌀,누룩,소맥분,정제수"
188,밤꽃향기,5,2,2,2,13.5,0,약주/청주, 단맛        약주/청주 쌀 밤  ,375ml,4000,농업회사법인사곡양조원,"국내산쌀,밤,누룩,정제수"
189,방문주약주,2,3,3,3,15,0,약주/청주,  신맛 청량감 바디감     약주/청주 쌀 찹쌀  선물,500ml,7000,케이소주(전주가양주연구소),"국내산찹쌀,누룩,정제수"
190,방문주탁주,2,3,3,4,15,0,탁주,  신맛 청량감 바디감     탁주 쌀 찹쌀  선물,500ml,6000,케이소주(전주가양주연구소),"국내산찹쌀,누룩,정제수"
191,배꽃담은연생막걸리,3,3,4,2,10,0,탁주, 단맛 신맛 청량감      탁주 쌀  ,720ml,20000,(주)농업회사법인술빚는전가네,"국내산쌀,누룩,효모,젖산,연잎,정제수"
192,배도가로아19레드,2,,,2,19,0,증류주,향기         증류주 사과  ,350ml,10000,주식회사배혜정농업회사법인,사과
193,배도가로아40옐로우,2,,,3,40,0,증류주,    바디감     증류주 쌀  과일류,350ml,20000,배혜정도가,"쌀,배"
194,백년향,3,3,2,3,10,0,탁주, 단맛 신맛  바디감  담백   탁주 쌀  무감미료,500ml,11000,(주)농업회사법인추연당,"국내산쌀,누룩,정제수"
195,백련맑은술,2,2,1,4,12,0,약주/청주,    바디감  담백   약주/청주  선물,375ml,7000,신평양조장,"백미,정제수,물엿,과당,누룩,백련잎,누룩등"
196,백련생막걸리Misty,2,3,4,4,7,0,탁주,  신맛 청량감 바디감  담백   탁주  선물,750ml,3000,신평양조장,"백미,정제수,물엿,과당,누룩,백련잎,누룩등"
197,백련생막걸리Snow,2,2,2,4,6,0,탁주,    바디감     탁주  ,750ml,1600,신평양조장,"백미,연잎,정제수,종국,효모,아스파탐,물엿등"
198,백운복분자와인,2,2,1,5,11,0,기타주류,    바디감     기타주류 쌀 복분자  베리류,360ml,7000,농업회사법인(주)백운주가,"쌀,토종복분자과즙"
199,백운복분자주,3,2,2,4,13,0,기타주류, 단맛   바디감     기타주류 쌀 복분자  베리류,360ml,7000,농업회사법인(주)백운주가,"쌀,토종복분자과즙"
200,백이주,2,2,1,3,35,0,과실주,    바디감     과실주 쌀 밀 감초  명절,800ml,30000,농업회사법인(주)세찬제조사,"쌀,홍마늘액,감초,개량누룩,효모,정제효소제,정제수,밀함유"
201,백자주,3,3,2,3,10,0,탁주, 단맛 신맛  바디감     탁주 쌀 찹쌀  ,500ml,18000,농업회사법인(주)산수,"국내산찹쌀,멥쌀,잣,누룩,정제수"
202,뱅꼬레레드와인,3,4,2,2,12,0,과실주, 단맛 신맛       과실주 포도  ,375ml,25000,(주)한국와인,양조용포도
203,뱅꼬레로제와인,4,3,3,2,11.5,0,과실주, 단맛 신맛 청량감      과실주 포도  선물,375ml,23000,(주)한국와인,양조용포도
204,뱅꼬레아이스와인,5,2,2,4,12,0,과실주, 단맛   바디감     과실주 포도  ,375ml,90000,(주)한국와인,양조용포도
205,뱅꼬레화이트와인,4,3,3,2,11,0,과실주, 단맛 신맛 청량감      과실주 포도  저도수,375ml,23000,(주)한국와인,양조용포도
206,베베마루캠벨로제,3,1,1,3,12,0,과실주, 단맛   바디감     과실주 포도  ,375ml,20000,월류원,포도
207,베베마루캠벨로제스위트,2,2,1,3,10,0,과실주,    바디감     과실주 포도  저도수,375ml,20000,월류원,포도
208,별바랑,4,2,2,4,17.5,0,약주/청주, 단맛   바디감  담백   약주/청주 쌀 찹쌀  파티,375ml,27000,농업회사법인(주)금계당,"찹쌀,맵쌀,누룩,정제수"
209,병영설성동동주,2,2,3,2,6,0,탁주,   청량감      탁주 쌀  무감미료,1700ml,2500,병영양조장,"쌀,전분,효모,누룩,정제수"
210,병영설성생막걸리,3,2,2,2,6,0,탁주, 단맛        탁주 쌀  무감미료,750ml,3500,병영양조장,"쌀,효모,누룩,정제수"
211,병영설성사또,,,,3,40,0,증류주,향기    바디감 목넘김    증류주 쌀  베리류,700ml,40000,병영양조장,"쌀,효모,누룩,정제수"
212,병영소주,3,0,3,4,40,0,증류주, 단맛  청량감 바디감     증류주 보리  ,700ml,59400,병영주조장,"정제수,보리증류식소주원액"
213,복분자아락,2,,,3,40,0,증류주,향기    바디감     증류주 복분자  ,500ml,40000,농업회사법인배상면주가고창LB,"복분자증류원액,정제수"
214,복분자음,2,2,1,3,12,0,과실주,    바디감     과실주 복분자  홈술,375ml,6000,농업회사법인배상면주가고창LB,"복분자,정제수"
215,복순도가손막걸리,2,3,5,4,6.5,1,탁주,  신맛 청량감 바디감    탄산 탁주  파티,935ml,12000,김정식,복순도가
216,볼빨간막걸리10,1,5,4,4,10,0,탁주,  신맛 청량감 바디감     탁주 쌀 찹쌀  홈술,500ml,7000,농업회사법인(주)벗드림,"찹쌀,누룩,정제수"
217,볼빨간막걸리7,1,4,3,2,7,0,탁주,  신맛 청량감      탁주 쌀 찹쌀  홈술,500ml,5000,농업회사법인(주)벗드림,"찹쌀,누룩,정제수"
218,봉하쌀생막걸리,1,2,3,2,6,0,탁주,   청량감      탁주 쌀  ,750ml,2000,농업회사법인(주)죽향도가,"쌀,정제효소,젖산,효모,아스파탐,정제수"
219,부안참뽕막걸리,2,1,3,3,6,0,탁주,   청량감 바디감     탁주 쌀 오디  ,950ml,2000,내변산(동진주조),"쌀,오디,종국,정제수,누룩,효모,아스파탐"
220,부안참뽕와인,3,2,1,4,13,0,과실주, 단맛   바디감   탄닌감  과실주 오디  선물,750ml,18000,내변산(동진주조),"오디,정제수,주정"
221,부자10,4,1,1,2,10,0,탁주, 단맛     담백   탁주 쌀  무감미료,375ml,5000,배혜정도가,"쌀,정제수,고과당,효모등"
222,불소곡주,2,,,4,43,0,기타주류,향기    바디감     기타주류 쌀 찹쌀 생강  고문헌,700ml,30000,한산소곡주,"찹쌀,누룩,백미,정제수,야국,메주콩,생강,홍고추"
223,붉은원숭이,4,2,2,4,10.8,0,탁주, 단맛   바디감  담백   탁주 쌀  이색전통주,375ml,7000,술샘,"쌀,누룩,홍국,정제수"
224,블루베리이야기,3,1,1,3,12,0,과실주, 단맛   바디감     과실주 머루 베리  ,375ml,6000,농업회사법인산들벗(주),"국내산산머루,블루베리"
225,산내울복분자주,4,4,3,3,16,0,기타주류, 단맛 신맛 청량감 바디감     기타주류 복분자  베리류,750ml,20000,거창사과원예농협,"복분자,설탕,주정,정제수,과당"
226,산내울사과애주,4,4,3,2,16,0,기타주류, 단맛 신맛 청량감      기타주류 사과  과일류,750ml,14000,거창사과원예농협,"사과,설탕,주정,정제수,과당"
227,산내울오미자주,2,3,3,2,16,0,기타주류,  신맛 청량감      기타주류 오미자  선물,750ml,20000,거창사과원예농협,"오미자,설탕,주정,정제수,과당"
228,산막대덕주,3,1,1,2,13,0,약주/청주, 단맛        약주/청주 쌀 밀  ,600ml,20000,농업회사법인신탄진주조(주),"국내산쌀,우리밀누룩"
229,산막생유막걸리,1,3,3,4,6,0,탁주,  신맛 청량감 바디감     탁주 쌀  탄산,750ml,1200,농업회사법인신탄진주조(주),"국내산쌀,소맥분,종국,효모"
230,삼선,1,4,2,2,10,0,탁주,  신맛       탁주 쌀  홈술,500ml,15000,농업회사법인두루(주),"국내산쌀,누룩,정제수"
231,삼양춘생약주,2,1,1,2,15,0,약주/청주,      담백   약주/청주 쌀  선물,500ml,20000,송도향전통주조,"강화섬쌀,전통누룩,정제수"
232,삼양춘생탁주,2,1,1,4,12.5,0,탁주,    바디감  담백   탁주 쌀  무감미료,500ml,12000,송도향전통주조,"강화섬쌀,전통누룩,정제수"
233,삼양춘청주,3,4,2,3,15,0,약주/청주, 단맛 신맛  바디감  담백   약주/청주 쌀  선물,500ml,16800,송도향전통주조,"강화섬쌀,정제수,백국,황국,전통누룩,토종효모"
234,샤토미소랑,4,3,2,2,12,0,과실주, 단맛 신맛       과실주 포도  홈술,375ml,20000,도란원,청포도
235,샤토미소레드프리미엄드라이,2,3,2,3,13,0,과실주,  신맛  바디감     과실주 포도  ,750ml,40000,도란원,포도
236,샤토미소스위트,3,1,,3,12,0,과실주, 단맛   바디감 목넘김    과실주 포도  ,750ml,20000,도란원,"포도,산화방지제,효모,설탕등"
237,샤토미소스위트로제,3,1,,2,12,0,과실주, 단맛    목넘김  탄닌감  과실주 포도  파티,375ml,20000,도란원,"포도,산화방지제,효모,설탕등"
238,샤토미소영동,,,,4,40,0,증류주,향기    바디감     증류주 포도  과일류,200ml,30000,도란원,포도
239,샹스프랑보아즈,4,3,3,2,13,0,과실주, 단맛 신맛 청량감      과실주 복분자  파티,500ml,15000,(주)선운산복분자주흥진,"복분자,구연산,과당,구연산,아스파탐,주정,정제수"
240,서울의밤,,,,2,25,0,기타주류,향기         기타주류 꿀  홈술,375ml,7500,더한주류,"매실증류주원액,벌꿀,,노간주나무열매,정제수"
241,서주16,3,2,3,3,16,0,약주/청주, 단맛  청량감 바디감     약주/청주 감자  선물,400ml,22500,오대서주양조,"백미,감자,누룩,효모,정제수"
242,석로주,1,1,1,4,13,0,약주/청주,    바디감     약주/청주 쌀 버섯  선물,720ml,34000,석이원주조,"국내산쌀,석이버섯,누룩,효모,정제수"
243,석탄주약주,1,3,2,3,15,0,약주/청주,  신맛  바디감     약주/청주 쌀 찹쌀  명절,500ml,7000,케이소주(전주가양주연구소),"국내산찹쌀,누룩,정제수"
244,석탄주탁주,2,3,3,4,15,0,탁주,  신맛 청량감 바디감     탁주 쌀 찹쌀  고문헌,500ml,6000,케이소주(전주가양주연구소),"국내산찹쌀,누룩,정제수"
245,선운산복분자와인,4,4,3,2,13,0,과실주, 단맛 신맛 청량감      과실주 복분자  소용량,300ml,6000,(주)선운산복분자주흥진,"복분자,구연산,과당,구연산,아스파탐,주정,정제수"
246,선운산복분자주,4,4,3,2,16,0,과실주, 단맛 신맛 청량감      과실주 복분자  홈술,375ml,6250,(주)선운산복분자주흥진,"복분자,과당,구연산,아스파탐,무수아황산"
247,선운산복분자주프리미엄,4,3,3,2,19,0,과실주, 단맛 신맛 청량감      과실주 복분자  진한맛,700ml,40000,(주)선운산복분자주흥진,"복분자,과당,구연산,아스파탐,무수아황산"
248,선운산의아침복분자막걸리,2,2,1,4,6,0,탁주,    바디감     탁주 쌀 복분자  ,750ml,2333,(농)국순당고창명주(주),"복분자,쌀,효모,국,과당,구연산,젖산,정제수"
249,선호생막걸리,2,3,3,3,6,1,탁주,  신맛 청량감 바디감  담백  탄산 탁주 쌀  ,750ml,1700,김포금쌀탁주영농조합법인,"국내산쌀,누룩,효모,정제효소,천연감미료,정제수"
250,설궁,2,,,2,30,0,기타주류,         기타주류 꿀 삼 버섯  겨울,700ml,10000,솔래원,"자연산송이버섯,산양산삼,토종벌꿀"
251,설레온,2,,,3,40,0,증류주,    바디감     증류주 쌀  ,375ml,20000,농업회사법인대윤가야곡주조(주),"쌀,누룩,효모,정제수"
252,설련주,2,4,2,3,16,0,약주/청주,  신맛  바디감     약주/청주 쌀 찹쌀  선물,750ml,35000,영농조합법인석전상온전통주가,"백련,찹쌀,멥쌀,누룩"
253,설성만월막걸리,2,3,2,3,8,0,탁주,  신맛  바디감     탁주 쌀  ,750ml,4000,병영주조장,"정제수,유기농쌀국내산,누룩,유기농올리고당등"
254,설하담,3,1,4,2,8,1,탁주, 단맛  청량감     탄산 탁주 쌀  홈술,475ml,3900,리큐랩주식회사,"국내산멥쌀,개량누룩,정제수,이산화탄소"
255,성포생막걸리,3,3,3,3,6,0,탁주, 단맛 신맛 청량감 바디감     탁주 쌀  ,750ml,1100,성포양조장,"쌀,소맥분,전분당,정제수,무농약미나리추출액,정제효소,종국,효모,아스파탐"
256,세우리,,,,4,45,0,증류주,향기    바디감 목넘김    증류주 쌀 구기자 삼  ,700ml,250000,제주샘영농조합법인,"산양삼,하수오,구기자,쌀"
257,세종대왕어주약주,3,1,1,3,15,0,약주/청주, 단맛   바디감  담백   약주/청주 쌀  선물,500ml,25900,농업회사법인장희도가(주),"쌀,누룩,정제수"
258,세종대왕어주탁주,3,3,1,2,13,0,탁주, 단맛 신맛    담백   탁주 쌀  고문헌,500ml,16900,농업회사법인장희도가(주),"쌀,누룩,정제수"
259,세종쌀막걸리,3,1,3,3,6,0,탁주, 단맛  청량감 바디감     탁주  ,750ml,1500,조은술세종,"정제수,백미,소맥분,전분당,효모,젖산등"
260,세종알밤주,4,1,3,4,6,0,기타주류, 단맛  청량감 바디감  담백   기타주류 밤  ,750ml,1500,조은술세종,"정제수,백미,소맥분,알밤,전분당,효모,젖산등"
261,세종오가닉,1,3,,1,13,0,약주/청주,  신맛   목넘김    약주/청주  선물,375ml,9000,조은술세종,"정제수,유기농백미,국,효모,정제효소,구연산"
262,세종청주생막걸리,2,1,3,3,6,0,탁주,   청량감 바디감     탁주 쌀  ,750ml,1500,조은술세종,"쌀,소맥분,국,조제종국,효모,물엿등"
263,소나무와학,4,,,4,43,0,증류주,향기 단맛   바디감     증류주 쌀 솔잎  ,750ml,39000,용두산조은술,"쌀,솔잎,황기,당귀,효모,아스파탐"
264,소백산검은콩막걸리,3,1,1,3,6,0,탁주, 단맛   바디감     탁주  ,750ml,1800,대강양조장,"백미,소맥분,검은콩,검은깨등"
265,소백산생막걸리,2,3,2,4,6,0,탁주,  신맛  바디감     탁주 쌀  파티,750ml,1980,대강양조장,"쌀,정제수,소맥분,입국,효모등"
266,소백산생만찬주,2,2,2,2,6,0,탁주,         탁주 쌀  ,750ml,1200,대강양조장,"정제수,쌀,소맥분,입국,효모,아스파탐등"
267,소백산오곡진상주,1,4,3,3,7,0,탁주,  신맛 청량감 바디감     탁주 쌀 보리 밀  ,750ml,1500,대강양조장,"쌀,밀,보리,옥수수,조등"
268,소백산청동동주,2,1,2,2,10,0,약주/청주,         약주/청주 쌀  ,"1,700ml",3000,대강양조장,"쌀,소맥분,누룩,주정,고과당,대추등"
269,소양강생막걸리,1,3,2,3,6,0,탁주,  신맛  바디감     탁주  ,750ml,1200,소양강도가(구.천정양조장),"백미,소맥분,정제수,팽화미,아스파탐,물엿,정제수"
270,솔송주,2,1,,3,13,0,약주/청주,    바디감 목넘김 담백   약주/청주  선물,375ml,7000,명가원영농조합법인,"정제수,백미,국내산송순농축액,누룩,조제종국,효모"
271,송명섭막걸리,1,3,3,3,6,0,탁주,  신맛 청량감 바디감     탁주 쌀  선물,900ml,3000,태인합동주조,"국내산쌀,곡자,정제수"
272,송이주,1,4,1,2,13,0,약주/청주,  신맛       약주/청주 쌀  홈술,375ml,12000,내국양조,"국내산쌀,송이농충액,누룩,정제수"
273,송화백일주,,,3,3,38,0,기타주류,   청량감 바디감 목넘김    기타주류 쌀 찹쌀 오미자 구기자 꿀 솔잎 산수유  ,500ml,45000,송화양조사,"쌀,찹쌀,누룩,산수유,오미자,구기자,솔잎,송화가루,꿀"
274,순향주,2,2,2,2,15,0,약주/청주,         약주/청주 쌀  파티,375ml,18666,(주)농업회사법인추연당,"국내산쌀,누룩,정제수"
275,술공방9,3,2,1,3,9,1,탁주, 단맛   바디감  담백  탄산 탁주 쌀 밀  ,500ml,5000,두이술공방,"쌀,밀누룩,국,효모,효소,올리고당"
276,술그리다생탁주,2,1,1,1,10,0,탁주,      담백   탁주 쌀  ,500ml,9000,농업회사법인(주)좋은술,"국내산쌀,누룩"
277,술샘이화주,4,1,0,1,8,0,탁주, 단맛        탁주 쌀  고문헌,100ml,6500,술샘,"쌀,누룩,정제수"
278,술아국화주,4,3,2,4,15,0,약주/청주, 단맛 신맛  바디감     약주/청주 쌀 찹쌀 꽃  홈술,375ml,18000,농업회사법인(주)술아원,"국내산찹쌀,누룩,건조국화꽃,증류주,정제수"
279,술아막걸리,3,4,3,4,8,0,탁주, 단맛 신맛 청량감 바디감     탁주 쌀 찹쌀  ,450ml,7000,농업회사법인(주)술아원,"국내산찹쌀,누룩,정제수"
280,술아매화주,5,3,2,4,15,0,약주/청주, 단맛 신맛  바디감     약주/청주 쌀 찹쌀 꽃  홈술,375ml,18000,농업회사법인(주)술아원,"국내산찹쌀,누룩,건조매화꽃,증류주,정제수"
281,술아순곡주,5,3,2,5,20,0,약주/청주, 단맛 신맛  바디감     약주/청주 쌀 찹쌀  홈술,375ml,18000,농업회사법인(주)술아원,"국내산찹쌀,누룩,증류주,정제수"
282,술아연화주,5,3,2,4,15,0,약주/청주, 단맛 신맛  바디감     약주/청주 쌀 찹쌀 꽃  홈술,375ml,18000,농업회사법인(주)술아원,"국내산찹쌀,누룩,건조연화꽃,증류주,정제수"
283,술예쁘다생탁주,1,3,1,2,13,0,탁주,  신맛       탁주 쌀  무감미료,500ml,18000,농업회사법인(주)좋은술,"국내산쌀,누룩"
284,술취한원숭이,4,2,2,2,10.8,0,탁주, 단맛     담백   탁주 쌀  이색전통주,375ml,7000,술샘,"쌀,누룩,홍국,정제수"
285,술헤는밤,2,4,2,3,8,0,탁주,  신맛  바디감     탁주 쌀  ,750ml,5900,농업회사법인두루(주),"국내산쌀,누룩,정제수"
286,스타베리오디와인,3,4,3,3,12,0,과실주, 단맛 신맛 청량감 바디감     과실주 포도  ,500ml,28000,(주)한국와인,양조용포도
287,시나브로드글로리아,3,3,2,2,12,0,과실주, 단맛 신맛       과실주 포도  홈술,750ml,25000,불휘농장,포도
288,시나브로레드드라이,2,3,3,3,12,0,과실주,  신맛 청량감 바디감     과실주 포도  ,750ml,25000,불휘농장,포도
289,시나브로레드스위트,3,3,3,2,12,0,과실주, 단맛 신맛 청량감      과실주 포도  홈술,750ml,25000,불휘농장,포도
290,시나브로로제와인,3,3,3,3,10,0,과실주, 단맛 신맛 청량감 바디감     과실주 포도  파티,500ml,30000,불휘농장,포도
291,시나브로에뚜왈로제스파클링와인,2,3,4,2,5,1,과실주,  신맛 청량감    탄닌감 탄산 과실주 포도  파티,750ml,30000,불휘농장,포도
292,시나브로에뚜왈스파클링,3,3,4,2,5,1,과실주, 단맛 신맛 청량감     탄산 과실주 포도  과일류,750ml,30000,불휘농장,포도
293,시나브로화이트와인,4,4,4,3,11,0,과실주, 단맛 신맛 청량감 바디감     과실주 포도  선물,500ml,30000,불휘농장,청포도
294,시인의마을우리쌀막걸리,2,3,3,4,10,0,탁주,  신맛 청량감 바디감     탁주 쌀  ,700ml,7900,이원양조장,"쌀,누룩,정제수,무감미료"
295,신례명주,,,4,4,50,0,증류주,   청량감 바디감     증류주 귤  과일류,750ml,99000,농업회사법인(주)시트러스,"감귤,감귤증류주"
296,신선주,3,3,2,4,16,0,약주/청주, 단맛 신맛  바디감     약주/청주 쌀 구기자 삼 솔잎  명절,750ml,19000,용두산조은술,"쌀,능금,신선초,천궁,구기자,당귀솔잎,대추,인삼"
297,신선주백주,2,3,1,3,10,0,탁주,  신맛  바디감 목넘김    탁주 쌀 찹쌀 약재  무감미료,500ml,15000,농업회사법인(주)신선,"청원생명쌀,정제수,찹쌀,전통누룩,약재,숙지황,생지황)"
298,신선주약주,3,3,3,3,16,0,약주/청주, 단맛 신맛 청량감 바디감     약주/청주 쌀 찹쌀 약재  ,500ml,25000,농업회사법인(주)신선,"찹쌀,전통누룩,약재,숙지황,생지황)"
299,신선주증류주,,4,,3,42,0,증류주,향기  신맛  바디감     증류주 쌀 찹쌀 약재  ,375ml,60000,농업회사법인(주)신선,"찹쌀,전통누룩,약재,숙지황,생지황)"
300,심플리애플,4,,,1,12,0,기타주류,향기 단맛        기타주류 쌀 사과 꿀  ,350ml,9000,주식회사배혜정농업회사법인,"쌀,사과즙,벌꿀"
301,아이싱,3,1,1,3,4,0,탁주, 단맛   바디감     탁주 쌀  탄산,300ml,1300,국순당,"쌀,자몽엑기스"
302,아이원막걸리,3,3,3,2,6,0,탁주, 단맛 신맛 청량감      탁주 쌀 밀  ,750ml,1000,이원양조장,"쌀,밀,입국,누룩,정제수"
303,아황주,1,3,1,3,17,0,약주/청주,  신맛  바디감     약주/청주 쌀 찹쌀  고문헌,500ml,23000,최행숙전통주가,"찹쌀,멥쌀,누룩,정제수"
304,안동소주느낌19.8,,,,2,19.8,0,증류주,         증류주  저도수,360ml,4000,농업회사법인명품안동소주(주),"백미,누룩,효모,정제수"
305,안동소주느낌30,,,,3,30,0,증류주,향기    바디감 목넘김    증류주  ,360ml,6500,농업회사법인명품안동소주(주),"백미,누룩,효모,정제수"
306,안동소주일품17,3,,,2,17,0,증류주, 단맛        증류주 쌀  ,350ml,4000,안동소주일품,"국내산쌀,입국"
307,안동소주일품21,3,,,2,21,0,증류주, 단맛        증류주 쌀  ,350ml,4500,안동소주일품,"국내산쌀,입국"
308,안동소주일품골드,3,,,3,40,0,증류주, 단맛   바디감     증류주 쌀  ,500ml,18000,안동소주일품,"국내산쌀,입국"
309,안동소주필Feel,,,,3,40,0,증류주,향기    바디감 목넘김    증류주  ,500ml,25000,농업회사법인명품안동소주(주),"백미,누룩,효모,정제수"
310,안성맞춤생막걸리,3,2,3,2,6,0,탁주, 단맛  청량감      탁주 쌀  ,"1,000ml",2000,한주양조,"국내산쌀,누룩,효모,젖산,정제효소,정제수"
311,안양동동주,3,3,3,3,6,0,탁주, 단맛 신맛 청량감 바디감     탁주 쌀 찹쌀  ,800ml,1100,안양주조장,"쌀,찹쌀,전통누룩,정제수"
312,애석,4,1,3,3,15,0,약주/청주, 단맛  청량감 바디감     약주/청주 쌀  명절,500ml,30000,농업회사법인두루(주),"국내산쌀,누룩,정제수"
313,애피소드상그리아,4,4,4,2,3.5,1,과실주, 단맛 신맛 청량감    탄닌감 탄산 과실주 포도  저도수,500ml,3500,(주)한국애플리즈,"포도와인,정제주정,정제수,포도농축액,고과당"
314,애피소드애플,4,4,4,2,3.5,1,과실주, 단맛 신맛 청량감     탄산 과실주 사과  저도수,500ml,3500,(주)한국애플리즈,"사과와인,정제주정,정제수,사과농축액,고과당"
315,애피소드호프,4,4,4,2,3.5,0,기타주류, 단맛 신맛 청량감      기타주류 쌀 사과 보리  과일류,500ml,3500,(주)한국애플리즈,"사과과즙,보리,쌀,홉"
316,야관문막걸리,1,3,2,1,6,0,탁주,  신맛       탁주 쌀  ,750ml,1500,지리산그린영농조합운봉주조,"쌀,종국,정제수,누룩,효모,야관문"
317,양촌생동동주,2,3,2,2,10,0,탁주,  신맛       탁주  무감미료,750ml,2400,양촌양조,"정제수,백미,효소제,효모등"
318,양촌생막걸리,2,2,3,2,6,0,탁주,   청량감      탁주  ,750ml,1500,양촌양조,"팽화미,소맥분,정제수,물엿,효소,국등"
319,어우야,,,,2,16,0,기타주류,     목넘김    기타주류  홈술,365ml,9900,왕지케양조장(제주본초협동조합),"야관문,정제수,,효모"
320,여강,,,,3,25,0,증류주,향기    바디감 목넘김    증류주 쌀  ,375ml,20000,(주)농업회사법인추연당,"국내산쌀,누룩,정제수"
321,여포의꿈레드드라이,2,2,,2,12,0,과실주,       탄닌감  과실주 포도  선물,750ml,20000,여포와인농장,국내산포도
322,여포의꿈레드스위트,4,1,,3,12,1,과실주, 단맛   바디감   탄닌감 탄산 과실주 포도  선물,750ml,20000,여포와인농장,국내산포도
323,여포의꿈화이트,1,2,,2,12,0,과실주,         과실주 포도  선물,375ml,20000,여포와인농장,국내산포도
324,연천아주,2,4,3,3,8,0,탁주,  신맛 청량감 바디감     탁주 쌀  ,750ml,6000,농업회사법인연천양조(주),"쌀,누룩,정제수"
325,연천연주,2,4,2,3,12,0,약주/청주,  신맛  바디감     약주/청주 쌀  저도수,500ml,15000,농업회사법인연천양조(주),"쌀,누룩,정제수"
326,연천우주,,,,3,22,0,증류주,향기    바디감     증류주 쌀  ,360ml,8500,농업회사법인연천양조(주),"쌀,누룩,효모,효소,연천율무,정제수"
327,영일만친구막걸리,2,2,3,2,6,0,탁주,   청량감      탁주 쌀  ,750ml,1666,동해명주,"국내산쌀,물엿,우뭇가사리,효모,조제종국,정제효소제,아스파탐,젖산"
328,예담은한산소곡주,4,1,1,3,16,0,약주/청주, 단맛   바디감     약주/청주 쌀 찹쌀  명절,750ml,12000,한산예담은소곡주,"찹쌀,멥쌀,누룩,대두,구절초"
329,예담은한산소곡화주,3,,,3,41,0,증류주, 단맛   바디감     증류주 쌀 찹쌀  명절,500ml,30000,한산예담은소곡주,"찹쌀,멥쌀,누룩,대두,구절초"
330,예밀와인레드드라이,1,1,2,3,13,0,과실주,    바디감     과실주 포도  ,750ml,20000,예밀2리영농조합법인,포도
331,예밀와인로제,1,1,2,3,12,0,과실주,    바디감     과실주 포도  ,750ml,20000,예밀2리영농조합법인,포도
332,예밀와인레드스위트,4,1,2,3,12,0,과실주, 단맛   바디감     과실주 포도  ,750ml,20000,예밀2리영농조합법인,포도
333,예주,1,3,1,3,15,0,과실주,  신맛  바디감     과실주 복분자  ,750ml,29000,용두산조은술,"복분자,주정,효모,정제수"
334,예천주복만월24,,,,2,24,0,증류주,향기         증류주 복분자  베리류,350ml,12800,농업회사법인(주)착한농부,"복분자증류원액,복분자과즙,정제수"
335,예천주복만월40,,,,4,40,0,증류주,향기    바디감 목넘김    증류주 복분자  베리류,350ml,19200,농업회사법인(주)착한농부,"복분자증류원액,복분자과즙,정제수"
336,예천주사월24,,,,2,24,0,증류주,향기         증류주 오미자  베리류,375ml,22000,농업회사법인(주)착한농부,"오미자증류원액,건오미자추출액,정제수"
337,예천주사월36.5,,,,2,36.5,0,증류주,향기     목넘김    증류주 오미자  베리류,375ml,29000,농업회사법인(주)착한농부,"오미자증류원액,건오미자추출액,정제수"
338,예화,2,1,1,3,13,0,약주/청주,    바디감     약주/청주 쌀  ,750ml,10000,농업회사법인대윤가야곡주조(주),"쌀,누룩,효모,물엿,정제수"
339,옛날막걸리古,2,2,1,4,7.8,0,탁주,    바디감     탁주 쌀  무감미료,750ml,2700,국순당,"배정제수,쌀,국,과당,효모/에탄올함량:"
340,오디랑,3,1,,1,13,0,과실주, 단맛    목넘김    과실주 오디  소용량,330ml,4000,국순당고창명주,"오디,정제수,과당,주정,구연산,효모"
341,오매백주,5,1,1,1,12,0,탁주, 단맛     담백   탁주 쌀  무감미료,500ml,5000,농업회사법인오산양조(주),"쌀,국,효모,정제수"
342,오메기맑은술,1,5,1,3,16,0,약주/청주,  신맛  바디감     약주/청주 쌀  선물,500ml,25000,제주술익는집,"좁쌀,햅쌀,정제수,누룩"
343,오메기술,2,2,1,3,13,0,약주/청주,    바디감  담백   약주/청주 쌀 감초  홈술,375ml,13000,제주샘영농조합법인,"쌀,차조,입국,누룩,효모,효소,청호,조릿대,감초,정제수"
344,오매락퍽,3,,,4,40,0,기타주류,향기 단맛   바디감     기타주류  이색전통주,500ml,52000,(주)배상면주가,"구운매실,배증류원액"
345,오목대,2,3,4,3,5,0,기타주류,  신맛 청량감 바디감     기타주류 보리  탄산,1000ml,9000,농업회사법인동문거리양조장(주)(전주술로시티),"보리,맥아,말토텍스트린,호프펠렛,효모,정제효소제,정제수"
346,오미로제프리미어와인,3,4,4,4,12,0,과실주, 단맛 신맛 청량감 바디감   탄닌감  과실주 오미자  선물,750ml,39000,농업회사법인(주)제이엘,오미자
347,오미시앙스페셜,1,3,,2,12,0,과실주,  신맛       과실주 오미자  ,500ml,10000,알에프,"오미자,주정,설탕,효모"
348,오산막걸리,2,4,2,3,6,0,탁주,  신맛  바디감  담백   탁주 쌀  무감미료,500ml,3000,농업회사법인오산양조(주),"쌀,국,효모,정제수"
349,오희스파클링막걸리,1,3,3,2,8.5,1,탁주,  신맛 청량감   담백  탄산 탁주 오미자  ,500ml,18000,문경주조,"백미,건오미자,조효소제,효모,정제수"
350,왕율주,,,,3,25,0,증류주,향기    바디감 목넘김    증류주 쌀 밤  ,330ml,8000,농업회사법인사곡양조원,"국내산쌀,밤,누룩,정제수"
351,왕피천을품은미소생막걸리,3,3,3,2,7,0,탁주, 단맛 신맛 청량감      탁주 쌀  ,750ml,1200,울진술도가,"쌀,누룩,정제수"
352,우곡생주,4,2,2,5,10,0,탁주, 단맛   바디감     탁주 쌀  무감미료,750ml,6500,배혜정도가,"쌀,국,효모,정제수"
353,우도땅콩전통주,4,1,3,3,6,0,기타주류, 단맛  청량감 바디감  담백   기타주류 땅콩  저도수,750ml,4000,조은술세종,"정제수,전분당,백미,국,땅콩분,효모,젖산등"
354,우렁이쌀손막걸리,4,1,3,2,7.5,0,탁주, 단맛  청량감      탁주 쌀  ,750ml,2600,양촌양조,"쌀,정제수효모,정제효소,효소처리스테비아"
355,운암1945,3,3,,3,12,0,약주/청주, 단맛 신맛  바디감  담백   약주/청주 쌀  ,750ml,28000,농업회사법인우포의아침주식회사,"쌀,누룩,정제수"
356,원매,,,,3,15,0,기타주류,향기    바디감     기타주류 꿀  홈술,750ml,35000,더한주류,"매실원주액,매실청,꿀,카라멜,효소처리스테비아,정제수"
357,원매프리미엄,2,,,4,20,0,기타주류,향기    바디감     기타주류 꿀  ,700ml,45000,더한주류,"매실주원액,발효주정,정제수,꿀"
358,원조소곡화주,,,,2,41,0,증류주,향기     목넘김    증류주 쌀 찹쌀  소용량,300ml,14000,원조소곡주,"찹쌀,멥쌀,누룩"
359,원조한산소곡주,3,1,4,2,16,0,약주/청주, 단맛  청량감      약주/청주 쌀 찹쌀  ,750ml,12000,원조소곡주,"찹쌀,멥쌀,누룩,대두,구절초"
360,월매쌀막걸리,2,2,3,1,6,0,탁주,   청량감      탁주  소용량,350ml,1200,서울장수주식회사,"백미,말토올리고당,정제수"
361,유기농이도14,3,3,3,2,14,0,약주/청주, 단맛 신맛 청량감      약주/청주 쌀 밀  선물,750ml,20000,농업회사법인조은술세종(주),"유기농쌀,우리밀누룩,조제종국,효모,정제수"
362,유기농이도42,2,0,0,3,42,0,증류주,    바디감     증류주 쌀  선물,750ml,42000,조은술세종,"유기농쌀,정제수,증류원액,국,조제종국,효모등"
363,유자동동주,2,3,3,3,6,0,탁주,  신맛 청량감 바디감     탁주 쌀  ,750ml,1100,성포양조장,"쌀,소맥분,전분당,정제수,유자과즙,치자,정제효소,종국,효모,젖산,아스파탐"
364,유자생막걸리,2,3,3,5,5,0,탁주,  신맛 청량감 바디감     탁주 쌀  ,750ml,1800,배혜정도가,"쌀,유자,정제수,고과당,효모등"
365,율무동동주,2,4,3,4,14,0,탁주,  신맛 청량감 바디감     탁주 쌀  드라이,750ml,14000,농업회사법인연천양조(주),"쌀,누룩,효모,연천율무,정제수"
366,은자골곶감생탁배기,1,1,3,5,6,0,탁주,   청량감 바디감     탁주  ,750ml,1500,은척양조장,"백미,소맥분,정제수,곶감분말,전분당,국,누룩,효소,아스파탐등"
367,은자골생탁배기,1,3,3,3,5,0,탁주,  신맛 청량감 바디감     탁주  ,750ml,1500,은척양조장,"백미,소맥분,정제수,전분당,국,누룩,효소,아스파탐등"
368,이강주19,2,0,2,4,19,0,기타주류,    바디감     기타주류 쌀 꿀 생강 계피  ,375ml,4500,전주이강주,"쌀,소맥분,정맥,배,생강,계피,울금,꿀"
369,이강주25,2,0,2,2,25,0,기타주류,         기타주류 쌀 꿀 생강 계피  ,750ml,28000,전주이강주,"쌀,소맥분,정맥,배,생강,계피,울금,꿀"
370,이도32,2,,,2,32,0,증류주,     목넘김    증류주  ,750ml,37000,조은술세종,"물,증류원액"
371,이동생쌀막걸리,1,3,3,4,6,0,탁주,  신맛 청량감 바디감     탁주  탄산,750ml,1300,이동주조,"정제수,백미,팽화미,입국,아스파탐등"
372,이동쌀막걸리,3,1,1,3,6,0,탁주, 단맛   바디감     탁주  ,"1,200ml",1600,이동주조,"정제수,백미,팽화미,입국,아스파탐등"
373,이상헌약주,3,3,3,3,18,0,약주/청주, 단맛 신맛 청량감 바디감     약주/청주 쌀  진한맛,500ml,45000,이가수불,"아산쌀,국,정제수"
374,이상헌탁주,2,3,3,3,19,0,탁주,  신맛 청량감 바디감     탁주 쌀  ,500ml,25000,이가수불,"아산쌀,국,정제수"
375,이화백주,3,3,4,3,6,0,탁주, 단맛 신맛 청량감 바디감     탁주 쌀  파티,940ml,12000,이화백주순탁주,"국내산햅쌀,전통누룩,정제수"
376,인천생소성주,1,2,1,2,6,0,탁주,         탁주 쌀  탄산,750ml,1200,인천탁주,"쌀,팽화미,정제수,국,효모,아스파탐,효소,이소말토올리고당"
377,입장탁주,2,2,2,2,6,0,탁주,         탁주 쌀  ,750ml,1200,농업회사법인입장주조㈜,"쌀,정제수,고과당,효모등"
378,자두와인레드,2,3,2,2,12,0,과실주,  신맛       과실주  이색전통주,750ml,22000,자두사랑,피자두
379,자두와인화이트,2,3,2,4,12,0,과실주,  신맛  바디감     과실주  ,750ml,22000,자두사랑,후무사
380,자연담은복분자막걸리,2,1,1,5,6,0,탁주,    바디감     탁주 쌀 복분자  ,360ml,2800,(농)국순당고창명주(주),"복분자,쌀,효모,국,과당,구연산,젖산,정제수"
381,자연송이주,1,,,1,18,0,기타주류,         기타주류 버섯  ,720ml,16000,솔래원,자연송이버섯
382,자희향국화주,1,2,1,4,15,0,약주/청주,    바디감     약주/청주 쌀 찹쌀  무감미료,500ml,20000,자희자양,"찹쌀,멥쌀,누룩,정제수,국화"
383,자희향나비생탁주,2,1,2,2,8,0,탁주,         탁주 쌀 찹쌀  ,500ml,8000,자희자양,"찹쌀,멥쌀,누룩,정제수"
384,자희향탁주,2,2,1,3,12,0,탁주,    바디감     탁주 쌀 찹쌀  선물,500ml,16000,자희자양,"찹쌀,멥쌀,누룩,정제수"
385,장수생막걸리,2,3,3,3,6,0,탁주,  신맛 청량감 바디감     탁주  탄산,750ml,1200,서울장수주식회사,"백미,말토올리고당"
386,장수오미자주,3,4,4,3,16.5,0,과실주, 단맛 신맛 청량감 바디감   탄닌감  과실주 오미자  베리류,360ml,5400,농업회사법인(주)알에프,"오미자,정제수,주정,설탕,효모"
387,장홍삼장수막걸리,1,4,3,5,6,0,탁주,  신맛 청량감 바디감     탁주 삼  ,750ml,2000,서울장수주식회사,"백미,말토올리고당,홍삼분말"
388,정고집나주배약주15,4,2,3,2,15,0,약주/청주, 단맛  청량감   담백   약주/청주 쌀  과일류,500ml,20000,남도탁주,"쌀,쌀가루,배착즙액,정제효소제,종국,젖산,효모"
389,정고집나주배약주9,4,2,3,3,9,0,약주/청주, 단맛  청량감 바디감     약주/청주 쌀  과일류,500ml,18000,남도탁주,"쌀,쌀가루,배착즙액,정제효소제,종국,젖산,효모"
390,정고집나주쌀생막걸리,3,3,3,3,6,0,탁주, 단맛 신맛 청량감 바디감     탁주 쌀  ,750ml,1200,남도탁주,"쌀,쌀가루,조제종국,정제효소,젖산,아스파탐,아세셀팜칼"
391,정고집옛날생동동주,3,3,4,3,6,0,탁주, 단맛 신맛 청량감 바디감     탁주 쌀  ,750ml,1800,남도탁주,"쌀,쌀가루,조제종국,정제효소,젖산,아스파탐,아세셀팜칼"
392,제주고소리술,,,,3,40,0,증류주,향기    바디감     증류주  ,400ml,45000,제주술익는집,"잡곡,누룩,정제수"
393,젤코바스페셜,2,4,2,3,11.5,0,과실주,  신맛  바디감     과실주 포도 머루  베리류,375ml,17000,농업회사법인(주)젤코바와이너리,"국내산산머루,MBA포도"
394,젤코바캠벨와인,3,4,2,3,13.5,0,과실주, 단맛 신맛  바디감     과실주 포도  베리류,750ml,62500,농업회사법인(주)젤코바와이너리,"유기농캠벨포도,유기농설탕"
395,젤코바프리미엄와인,1,4,2,4,12,0,과실주,  신맛  바디감     과실주 포도 머루  베리류,500ml,33000,농업회사법인(주)젤코바와이너리,"국내산산머루,MBA포도"
396,조선주조사,3,3,2,3,14,0,약주/청주, 단맛 신맛  바디감     약주/청주 쌀  홈술,300ml,4000,농업회사법인우포의아침(주),"쌀,입국,누룩,주정,정제수"
397,조은술세종바나나주,3,1,3,4,4,0,기타주류, 단맛  청량감 바디감  담백   기타주류 쌀  과일류,750ml,1700,조은술세종,"쌀,국,정제수,바나나농축액,조제종국,효모,물엿등"
398,주몽복분자주,3,1,1,3,16,0,기타주류, 단맛   바디감     기타주류 쌀 복분자  베리류,375ml,5000,농업회사법인(유)술소리,"쌀,복분자"
399,주산지막걸리,2,1,2,2,6,0,탁주,         탁주 쌀 밀  ,750ml,1200,청송양조장,"쌀,밀가루,누룩,입국,효모,고과당,물엿,아스파탐,삭카린나트륨,정제수"
400,주시락톡쏘는복분자막걸리,5,1,3,5,6,0,탁주, 단맛  청량감 바디감     탁주 쌀 복분자  ,750ml,1800,가평우리술,"쌀,정제수,쌀입국,복분자원액,효모등"
401,죽력고,,,,3,32,0,증류주,향기    바디감     증류주 쌀  선물,700ml,60000,태인합동주조,"국내산쌀,죽력,누룩,정제수"
402,죽향생막걸리,1,2,4,1,6,0,탁주,   청량감      탁주 쌀  ,750ml,2000,농업회사법인(주)죽향도가,"쌀,정제효소,젖산,효모,아스파탐,정제수"
403,줄포생막걸리,2,2,3,4,6,0,탁주,   청량감 바디감     탁주 쌀  ,750ml,1200,내변산(동진주조),"쌀,종국정제수,누룩,효모,아스파탐"
404,지란지교무화과탁주,4,4,1,4,12,0,탁주, 단맛 신맛  바디감  담백   탁주 쌀 찹쌀 밀  과일류,500ml,15000,(유)친구들의술지란지교,"찹쌀,멥쌀,전통누룩,정제수,무화과청,레드비트분말,밀함유"
405,지란지교약주,4,4,,4,17,0,약주/청주, 단맛 신맛  바디감     약주/청주 쌀 찹쌀 밀  무감미료,375ml,20000,(유)친구들의술지란지교,"찹쌀·멥쌀,전통누룩,정제수,밀함유"
406,지란지교탁주,4,4,1,4,13,0,탁주, 단맛 신맛  바디감  담백   탁주 쌀 찹쌀  ,500ml,15000,(유)친구들의술지란지교,"탁주찹쌀,멥쌀,누룩,정제수"
407,지리산정담생막걸리,1,3,2,1,6,0,탁주,  신맛       탁주 쌀  ,750ml,1500,지리산그린영농조합운봉주조,"쌀,종국,정제수,누룩,효모"
408,지리산허브잎술,1,2,2,1,6,0,탁주,         탁주 쌀  ,750ml,1500,지리산그린영농조합운봉주조,"쌀,종국,정제수,누룩,효모,국내산허브"
409,지장수생막걸리,3,2,3,3,6,0,탁주, 단맛  청량감 바디감     탁주 쌀  ,750ml,1300,낙천,"정제수,쌀,효모,누룩,과당등"
410,지장수호박막걸리,2,1,1,2,6,0,탁주,         탁주 쌀  ,550ml,5000,낙천,"정제수,쌀,효모,누룩,과당등"
411,지장수호박생막걸리,3,1,2,2,6,0,탁주, 단맛        탁주 쌀  ,750ml,1400,낙천,"정제수,쌀,효모,누룩,과당등"
412,지평생쌀막걸리,4,1,4,2,5,0,탁주, 단맛  청량감      탁주 쌀  가성비,1.7L,2700,지평주조,"쌀,정제수,국,효모,정제효소등"
413,지평생옛막걸리,4,1,2,2,5,0,탁주, 단맛        탁주 밀  가성비,1.7L,2500,지평주조,"밀,정제수,국,분말종국,효모,정제효소등"
414,진도홍주루비콘,3,,,3,40,0,기타주류,향기 단맛   바디감     기타주류 쌀  ,375ml,10000,대대로영농조합법인,"쌀,누룩,지초,정제수"
415,진맥소주22,,,,2,22,0,증류주,향기         증류주 밀  홈술,375ml,22000,농업회사법인(주)밀과노닐다,유기농우리밀
416,진맥소주40,,,,2,40,0,증류주,향기     목넘김    증류주 밀  홈술,200ml,22000,농업회사법인(주)밀과노닐다,유기농우리밀
417,진맥소주53,,,,3,53,0,증류주,향기    바디감 목넘김    증류주 밀  ,200ml,39000,농업회사법인(주)밀과노닐다,유기농우리밀
418,진심홍삼인삼주19,1,0,0,3,19,0,증류주,    바디감     증류주 쌀 삼  삼(蔘)류,375ml,7000,태평주가,"쌀,정제주정,인삼침출액,홍삼농축액,고과당등"
419,진심홍삼인삼주38,1,0,0,2,38,0,증류주,         증류주 쌀 삼  ,750ml,70000,태평주가,"쌀,정제주정,인삼침출액,홍삼농축액,고과당등"
420,진심홍삼주19,3,1,1,2,19,0,증류주, 단맛        증류주 쌀 삼  ,375ml,3000,태평주가,"쌀,정제주정,인삼침출액,홍삼농축액,고과당등"
421,진쾌남,,,,3,25,0,기타주류,향기    바디감 목넘김    기타주류 쌀 오미자 구기자 밤 산수유 오가피  ,330ml,8500,농업회사법인사곡양조원,"국내산쌀,밤,누룩,구기자,오미자,산수유,오가피,동충하초,정제수"
422,찰막걸리,2,2,3,2,5.5,0,탁주,   청량감      탁주 쌀 찹쌀 밀  ,750ml,1500,(주)1932포천일동막걸리,"정제수,쌀,밀가루,찹쌀,입국,효모정제효소제,아스파탐"
423,창원생탁주,3,3,3,3,6,0,탁주, 단맛 신맛 청량감 바디감     탁주 쌀  ,750ml,1000,농업회사법인우포의아침(주),"쌀,누룩,효소,아스파탐,정제수"
424,천년담주,2,1,1,4,15,0,약주/청주,    바디감     약주/청주 꿀  ,500ml,10000,농업회사법인(주)죽향도가,"백미,벌꿀,정제수"
425,천년전주생막걸리,1,1,2,3,6,0,탁주,    바디감     탁주 쌀  ,750ml,1300,(유)산에들에농업회사법인,"정제수,쌀,소맥분,수쿠랄로스,효모,젖산,정제효소"
426,천년주,,,,2,25,0,증류주,     목넘김    증류주 쌀  ,375ml,15000,농업회사법인(주)영덕주조,"쌀,천년초,조효소제,효모,젖산,정제효소,구연산,정제수"
427,천등산차례주,3,2,2,3,11,0,약주/청주, 단맛   바디감     약주/청주 쌀  ,700ml,5900,고헌정영농조합법인,"쌀,구연산,효모,젖산,정제효소제,국,주정,정제수"
428,천마몽,3,,,3,38,0,기타주류, 단맛   바디감     기타주류 쌀  ,375ml,15000,덕유양조,"쌀,누룩,효모,천마,정제수"
429,천마이야기,2,2,2,5,6,0,탁주,    바디감     탁주 오미자  ,750ml,1500,농업회사법인산들벗(주),"팽화미,입국미,무주천마분말,오미자추출액"
430,천매,2,,,4,30,0,기타주류,향기    바디감     기타주류 꿀  ,600ml,130000,더한주류,"매실주원액,발효주정,정제수,꿀"
431,천비향오양주약주,2,2,1,3,16,0,약주/청주,    바디감     약주/청주 쌀  파티,500ml,40000,농업회사법인(주)좋은술,"국내산쌀,누룩"
432,천비향오양주탁주,2,2,1,3,14,0,탁주,    바디감     탁주 쌀  선물,500ml,18000,농업회사법인(주)좋은술,"국내산쌀,누룩"
433,천비향화주,,,,2,40,0,증류주,향기     목넘김    증류주 쌀  선물,375ml,50000,농업회사법인(주)좋은술,"국내산쌀,누룩"
434,천안연미주,2,3,4,2,13,0,약주/청주,  신맛 청량감      약주/청주 삼 약재  ,360ml,5000,농업회사법인입장주조㈜,"백미,한약재홍삼외가지"
435,천지주가햅쌀생막걸리,3,2,2,5,6,0,탁주, 단맛   바디감     탁주 쌀  ,750ml,1400,(유)산에들에농업회사법인,"쌀,정제수,국,효모등"
436,청남대블루베리생막걸리,3,2,3,2,6,1,탁주, 단맛  청량감   담백  탄산 탁주 쌀 베리  ,750ml,3000,농업회사법인명세주가(주),"국내산쌀,블루베리엑기스,효모,조효소재,물엿,아스파탐,정제수"
437,청명주,4,4,2,4,17,0,약주/청주, 단맛 신맛  바디감  담백   약주/청주 쌀 찹쌀  선물,500ml,23000,중원당,"국내산찹쌀,누룩,소맥분"
438,청산녹수꿀막걸리,1,2,3,4,8,0,탁주,   청량감 바디감     탁주 쌀 사과 꿀  ,750ml,1500,농업회사법인(주)청산녹수,"쌀,벌꿀,사과농축액,효모,정제효소"
439,청산녹수사미인주,2,2,4,3,8,0,탁주,   청량감 바디감     탁주 쌀 꿀  무감미료,750ml,4000,농업회사법인(주)청산녹수,"유기농햅쌀,벌꿀,입국,누룩,효모,정제수"
440,청산녹수생탁주,1,3,3,3,6,0,탁주,  신맛 청량감 바디감     탁주 쌀 사과  ,750ml,1000,농업회사법인(주)청산녹수,"쌀,사과농축액,효모,정제효소"
441,청세주,3,1,1,4,18,0,약주/청주, 단맛   바디감     약주/청주 쌀  ,375ml,4000,병영주조장,쌀
442,청송얼음골동동주,2,3,4,2,6,0,탁주,  신맛 청량감      탁주 쌀 사과 밀  ,"1,200ml",1800,청송양조장,"쌀,밀가루,누룩,입국,효모,아스파탐,청송사과액즙,정제수"
443,청송주왕사과막걸리,2,3,4,2,6,0,탁주,  신맛 청량감      탁주 쌀 사과 밀  ,750ml,1500,청송양조장,"쌀,밀가루,누룩,입국,효모,아스파탐,청송사과액즙,정제수"
444,청양둔송구기주,3,1,1,2,16,0,약주/청주, 단맛        약주/청주 쌀 구기자 감초  선물,700ml,11500,청양둔송구기주,"쌀,누룩,구기자,감초,두충껍질"
445,청진주,2,2,1,1,16,0,약주/청주,         약주/청주 쌀 찹쌀  선물,375ml,30000,전통주연구개발원,"찹쌀,누룩,정제수"
446,청춘,2,2,1,3,15,0,약주/청주,    바디감     약주/청주 쌀  ,750ml,20000,농업회사법인신탄진주조(주),"쌀,누룩,정제수"
447,초선의꿈로제,1,3,,2,12,0,과실주,  신맛   목넘김  탄닌감  과실주 포도  기념일,375ml,20000,여포와인농장,국내산포도
448,추사40,,,,3,40,0,증류주,향기    바디감     증류주 사과  과일류,500ml,60000,예산사과와인(주),사과
449,추사로제,2,3,2,1,12,0,과실주,  신맛       과실주 사과  ,375ml,20000,예산사과와인(주),사과
450,추사백25,3,,,2,25,0,증류주,향기 단맛        증류주  과일류,350ml,12000,예산사과와인,"증류원액,정제수"
451,추사블루,3,1,2,3,12,0,과실주, 단맛   바디감     과실주 베리  이색전통주,375ml,20000,예산사과와인(주),블루베리
452,추사애플와인,3,1,2,3,12,0,과실주, 단맛   바디감     과실주 사과  선물,375ml,20000,예산사과와인(주),사과
453,추성주,2,0,3,2,25,0,증류주,   청량감      증류주 쌀 오미자 구기자  선물,700ml,80000,추성고을,"쌀,정제수,누룩,오미자,구기자,상심자,갈근"
454,추시와인,3,2,2,3,12.5,0,기타주류, 단맛   바디감     기타주류  ,750ml,16000,양촌감영농조합법인,감
455,충주백주,,,,3,35,0,증류주,향기    바디감     증류주 쌀  ,375ml,7800,고헌정영농조합법인,"쌀증류원액,당귀,아스파탐,아세설팜K,구연산,정제수"
456,컨츄리산머루와인드라이,1,3,,3,14,0,과실주,  신맛  바디감 목넘김    과실주 머루  ,750ml,20000,컨츄리농원,국산산머루원액
457,컨츄리산머루와인스위트,2,3,,2,12,0,과실주,  신맛       과실주 머루  ,750ml,20000,컨츄리농원,국산산머루원액
458,컨츄리와인캠벨얼리스위트,3,1,,3,12,0,과실주, 단맛   바디감 목넘김    과실주 포도  ,750ml,15000,컨츄리농원,국산포도원액
459,코이버펑크머스캣베일리에이,3,3,3,4,12,0,과실주, 단맛 신맛 청량감 바디감     과실주 포도  베리류,750ml,65000,코이버펑크,와이너리재배포도
460,코이버펑크샤르도네세미용블랜드,2,4,4,3,11,0,과실주,  신맛 청량감 바디감     과실주 포도  베리류,750ml,65000,코이버펑크,와이너리재배포도
461,코이버펑크카베르네소비뇽,1,2,2,3,12,0,과실주,    바디감     과실주  베리류,750ml,65000,"고성찬,이금자,정재학",코이버펑크
462,쿨샷7.5,3,1,2,2,7.5,0,과실주, 단맛        과실주 복분자  저도수,300ml,3000,농업회사법인고창선운산(유),"복분자과실,주정,효모,구연산,정제수"
463,크라테레드와인드라이,2,2,3,3,11.5,0,과실주,   청량감 바디감     과실주 머루  ,750ml,48000,수도산와이너리,산머루
464,크라테레드와인스위트,4,2,3,1,11.5,0,과실주, 단맛  청량감      과실주 머루  ,750ml,48000,수도산와이너리,산머루
465,크라테로제와인,4,1,3,3,11.5,0,과실주, 단맛  청량감 바디감   탄닌감  과실주 머루  ,375ml,18000,수도산와이너리,산머루
466,타미앙스,1,1,2,4,40,0,증류주,    바디감     증류주 쌀 오미자 구기자  선물,500ml,50000,추성고을,"쌀,정제수,누룩,오미자,구기자,상심자,갈근"
467,톡쏘는알밤동동,4,1,3,3,6,0,기타주류, 단맛  청량감 바디감     기타주류 쌀 밤  ,350ml,1300,가평우리술,"쌀,정제수,입국,밤농축액,밤추출물등"
468,톡한잔골드,3,,,4,43,0,기타주류,향기 단맛   바디감     기타주류 쌀 보리  ,500ml,49000,농업회사법인(유)대마주조,"찰보리,쌀,민들레분말,볶음보리"
469,톡한잔소주,2,,,3,30,0,증류주,    바디감     증류주 쌀 보리  ,500ml,10000,농업회사법인(유)대마주조,"찰보리,쌀"
470,티나Tina,,,,5,16,0,기타주류,향기    바디감 목넘김    기타주류  이색전통주,750ml,54000,추성고을,"딸기추출물,죽력,정제수,주정,액상과당,구연산,딸기향,망고향"
471,펀치쌀바나나,3,1,2,4,4,1,기타주류, 단맛   바디감    탄산 기타주류 쌀  ,750ml,2000,내변산(동진주조),"쌀,바나나농축액,효모,종곡,정제수,합성착향료,합성감미료"
472,편백숲산소막걸리,3,3,3,3,5.2,0,탁주, 단맛 신맛 청량감 바디감     탁주 쌀 사과  저도수,750ml,1900,농업회사법인(주)청산녹수,"멥쌀,올리고당,사과농축액,누룩,아스파탐"
473,편백숲산소막걸리딸기스파클링,3,2,5,3,6.8,1,탁주, 단맛  청량감 바디감    탄산 탁주 쌀 찹쌀  이색전통주,940ml,41000,농업회사법인(주)청산녹수,"멥쌀,찹쌀,누룩,딸기,올리고당"
474,편백숲산소막걸리순수령,3,1,1,4,5.8,0,탁주, 단맛   바디감     탁주 쌀 찹쌀  홈술,750ml,4000,농업회사법인(주)청산녹수,"멥쌀,찹쌀,누룩"
475,평창머루주,1,3,1,4,16,0,과실주,  신맛  바디감     과실주 머루  ,360ml,6500,농업회사법인(주)홍지원,국내산산머루
476,평창오디주,1,3,1,3,16,0,과실주,  신맛  바디감     과실주 오디  ,360ml,6500,농업회사법인(주)홍지원,국내산오디
477,포엠레드드라이와인,2,3,2,4,12,0,과실주,  신맛  바디감     과실주 포도 머루  ,750ml,25000,갈기산포도농원(주)농업회사법인,"포도,머루"
478,포엠레드스위트와인,4,3,3,3,12,0,과실주, 단맛 신맛 청량감 바디감     과실주 포도  ,750ml,25000,갈기산포도농원(주)농업회사법인,포도
479,포엠로제와인,4,3,3,3,12,0,과실주, 단맛 신맛 청량감 바디감     과실주 포도  ,750ml,35000,갈기산포도농원(주)농업회사법인,포도
480,포엠화이트와인,4,4,4,3,12,0,과실주, 단맛 신맛 청량감 바디감     과실주 포도  과일류,750ml,35000,갈기산포도농원(주)농업회사법인,청포도
481,풍남문,2,3,4,2,5,0,기타주류,  신맛 청량감      기타주류 보리  ,1000ml,9000,농업회사법인동문거리양조장(주)(전주술로시티),"보리,맥아,호프펠렛,효모,정제효소제,정제수"
482,풍정사계동,2,,,3,25,0,증류주,향기    바디감     증류주  선물,375ml,25000,농업회사법인(유)화양,"국내산찹살,향온곡"
483,풍정사계추,1,2,1,4,12,0,탁주,    바디감     탁주  선물,500ml,15000,농업회사법인(유)화양,"국내산찹살,향온곡"
484,풍정사계춘,2,1,1,3,15,0,약주/청주,    바디감     약주/청주  선물,500ml,30000,농업회사법인(유)화양,"국내산찹살,향온곡"
485,풍정사계하,4,1,1,3,18,0,약주/청주, 단맛   바디감     약주/청주  ,500ml,35000,농업회사법인(유)화양,"국내산찹살,향온곡"
486,하향주,3,3,1,4,17,0,약주/청주, 단맛 신맛  바디감     약주/청주 쌀 찹쌀  ,750ml,45000,하향주가영농조합법인,"국내산찹쌀,누룩,정제수"
487,하향주증류주,,,,4,45,0,증류주,향기    바디감 목넘김    증류주 쌀 찹쌀  ,700ml,70000,하향주가영농조합법인,"국내산찹쌀,누룩,정제수"
488,한비동충하초술,,,,4,35,0,기타주류,향기    바디감     기타주류 쌀 오가피  ,375ml,30000,제천한약영농조합법인,"국내산쌀,누룩,가시오가피뿌리,동충하초,정제수"
489,한비무병장수술,,,,4,35,0,기타주류,향기    바디감     기타주류 쌀 오미자 복분자 구기자 삼 산수유 오가피  삼(蔘)류,375ml,30000,제천한약영농조합법인,"국내산쌀,흑삼,인삼,오가피,오미자,구기자,복분자,차전자,토사자,산수유"
490,한비쌀소주,,,,2,40,0,증류주,     목넘김    증류주 쌀  ,375ml,30000,제천한약영농조합법인,"국내산쌀,누룩,정제수"
491,한비오가피술,,,,3,35,0,기타주류,    바디감     기타주류 쌀 오가피  ,375ml,30000,제천한약영농조합법인,"국내산쌀,누룩,가시오가피뿌리,정제수"
492,한산소곡주,3,1,,4,18,0,약주/청주, 단맛   바디감 목넘김    약주/청주 쌀 찹쌀 생강  선물,360ml,6500,한산소곡주,"찹쌀,누룩,백미,정제수,야국,메주콩,생강,홍고추"
493,한스오차드사과와인,4,3,2,2,11,0,과실주, 단맛 신맛       과실주 사과  홈술,750ml,20000,(주)한국애플리즈,국산사과원액
494,한시울,,,,4,40,0,증류주,향기    바디감 목넘김    증류주 쌀  ,500ml,18000,농업회사법인명세주가(주),"국내산쌀,누룩,효모,구연산,정제수"
495,한주,,,,3,35,0,증류주,향기    바디감 목넘김    증류주 쌀 밀  ,360ml,12000,한주양조,"국내산쌀,밀누룩,정제수"
496,해미읍성딸기와인,3,2,1,3,12,0,과실주, 단맛   바디감     과실주  ,500ml,20000,농업회사법인해미읍성딸기와인(주),"해미딸기,아황산염,소르빈산염"
497,해미읍성매실와인,5,1,2,4,12,0,과실주, 단맛   바디감     과실주  ,500ml,20000,농업회사법인해미읍성딸기와인(주),"매실,아황산염,소르빈산염"
498,해미읍성모과와인,3,2,2,3,12,0,과실주, 단맛   바디감     과실주  ,500ml,20000,농업회사법인해미읍성딸기와인(주),"모과,아황산염,소르빈산염"
499,해미읍성살구와인,3,2,2,3,12,0,과실주, 단맛   바디감     과실주  ,500ml,20000,농업회사법인해미읍성딸기와인(주),"살구,아황산염,소르빈산염"
500,해방주18.8,,,,2,18.8,0,증류주,         증류주 쌀  저도수,375ml,12000,농업회사법인(주)영덕주조,"쌀,해방풍,조효소제,효모,젖산,정세효소제,구연산"
501,해방주38,,,,3,38,0,증류주,향기    바디감 목넘김    증류주 쌀  ,800ml,45000,농업회사법인(주)영덕주조,"쌀,해방풍,조효소제,효모,젖산,정제효소제,구연산"
502,해창12도생막걸리,1,1,2,2,12,0,탁주,         탁주 쌀 찹쌀  ,900ml,10000,해창주조장,"햅쌀,찹쌀,물,누룩"
503,해창9도생막걸리,1,1,2,2,9,0,탁주,         탁주 쌀 찹쌀  홈술,900ml,6000,해창주조장,"햅쌀,찹쌀,물,누룩"
504,해창찹쌀생막걸리,1,1,3,2,6,0,탁주,   청량감      탁주 쌀 찹쌀  ,900ml,3000,해창주조장,"햅쌀,찹쌀,물,누룩"
505,해파랑,3,1,1,3,13,0,약주/청주, 단맛   바디감     약주/청주 쌀  ,375ml,10000,농업회사법인(주)영덕주조,"쌀,해방풍,계량누룩,젖산,이소말토올리고당,정제수"
506,햇찹쌀이하늘수,3,3,3,3,6,0,탁주, 단맛 신맛 청량감 바디감     탁주 쌀 찹쌀  ,500ml,1100,안양주조장,"쌀,찹쌀,전통누룩,정제수"
507,행운막걸리,3,1,1,4,6,0,탁주, 단맛   바디감     탁주 쌀  ,750ml,1100,성포양조장,"쌀,소맥분,전분당,정제수,정제효소,종국,효모,젖산,아스파탐"
508,행운주,2,2,2,2,12,0,약주/청주,         약주/청주 밀  ,750ml,9000,성포양조장,"백미,밀누룩,정제수,종국,효모,아스파탐"
509,향수우리밀막걸리,2,3,3,5,9,0,탁주,  신맛 청량감 바디감     탁주 밀  ,700ml,7900,이원양조장,"우리밀,누룩,정제수,무감미료"
510,허니문와인,4,2,2,2,10,0,기타주류, 단맛        기타주류 꿀  파티,375ml,35000,아이비영농조합법인,국내산벌꿀
511,허니비와인,3,1,1,4,8,0,기타주류, 단맛   바디감     기타주류 꿀  파티,500ml,35000,아이비영농조합법인,국내산벌꿀
512,호담,2,,,2,20,0,기타주류,         기타주류 삼  삼(蔘)류,300ml,18000,대농바이오우리산삼,"산양산삼,정제수,주정"
513,호담산양산삼막걸리,1,3,3,1,6,0,탁주,  신맛 청량감      탁주 쌀 삼  ,750ml,1800,대농바이오우리산삼,"쌀,입국,산양산삼,정제수,아스파탐"
514,호담산양산삼주,1,1,1,3,13,0,약주/청주,    바디감     약주/청주 삼  ,375ml,4000,대농바이오우리산삼,"산양산삼,정제주,주정"
515,호땅,3,1,2,4,6,0,기타주류, 단맛   바디감     기타주류 쌀 땅콩  ,750ml,2700,배혜정도가,"쌀,국,효모,정제수,땅콩"
516,호랑이생막걸리,4,1,2,2,6,0,탁주, 단맛        탁주 쌀  ,750ml,2200,배혜정도가,"쌀,정제수,국,효모,젖산등"
517,호모루덴스,1,2,2,4,12,0,탁주,    바디감     탁주 쌀  드라이,500ml,12000,농업회사법인(주)산수,"쌀,누룩,정제수"
518,혼디주,4,3,3,2,12,0,과실주, 단맛 신맛 청량감      과실주 귤  선물,330ml,8000,농업회사법인(주)시트러스,"감귤,정제수,백설탕,구연산,무수아황산"
519,홍로,,,,2,45,0,증류주,향기         증류주 쌀 찹쌀  ,500ml,50000,영농조합법인석전상온전통주가,"백련,찹쌀,멥쌀,누룩,자초"
520,홍삼명주,1,3,,1,14,0,기타주류,  신맛   목넘김 담백   기타주류 삼  삼(蔘)류,375ml,12000,자연과인삼,"홍삼추출액,효모,정백당,정제수"
521,홍천강탁주,2,3,2,4,11,0,탁주,  신맛  바디감     탁주 쌀  ,500ml,10000,예술,"홍천쌀,정제수,국"
522,화주,,,,1,25,0,증류주,     목넘김    증류주 쌀 삼  삼(蔘)류,375ml,13000,내국양조,"국내산쌀,홍삼농축액,정제수"
523,황금보리소주17,,,,2,17,0,증류주,         증류주 보리  ,375ml,5000,황금보리(유)농업회사법인,"보리,누룩,정제수"
524,황금보리소주25,,,,2,25,0,증류주,향기         증류주 보리  ,375ml,8500,황금보리(유)농업회사법인,"보리,누룩,정제수"
525,황금보리소주40,,,,3,40,0,증류주,향기    바디감 목넘김    증류주 보리  ,375ml,15700,황금보리(유)농업회사법인,"보리,누룩,정제수"
526,황진이,3,2,1,3,12,0,약주/청주, 단맛   바디감     약주/청주 쌀 오미자 산수유  ,375ml,3500,농업회사법인(유)술소리,"쌀,오미자,산수유"
527,황칠주,,,,2,16,0,기타주류,     목넘김    기타주류  ,365ml,9900,왕지케양조장(제주본초협동조합),"황칠나무잎,정제수,,효모"
528,회곡생동동주,3,2,3,3,7,0,탁주, 단맛  청량감 바디감     탁주 쌀  ,"1,200ml",1300,회곡양조장,"쌀,입국,누룩,아스파탐,효모,정제수,아세설팜칼륨"
529,회곡생막걸리,2,2,2,4,6,0,탁주,    바디감     탁주 쌀  ,750ml,1300,회곡양조장,"쌀,입국,누룩,아스파탐,효모,정제수,아세설팜칼륨"
530,흑돈주,,,,2,16,0,기타주류,     목넘김    기타주류  ,365ml,12000,왕지케양조장(제주본초협동조합),"황칠나무,정제수,,효모"
531,희양산막걸리15,3,4,1,5,15,0,탁주, 단맛 신맛  바디감     탁주 쌀  무감미료,500ml,9500,두술도가,"쌀,누룩,정제수"
532,희양산막걸리9,2,3,2,3,9,0,탁주,  신맛  바디감  담백   탁주 쌀  무감미료,750ml,8000,두술도가,"쌀,누룩,정제수"
